participant_id,participant_name,participant_name_chi
A00001,THE SEHK OPTIONS CLEARING HOUSE LTD,香港聯合交易所期權結算所有限公司
A00002,CHINA SECURITIES DEPOSITORY AND CLEARING,中國證券登記結算有限責任公司
A00003,CHINA SECURITIES DEPOSITORY AND CLEARING,中國証券登記結算有限責任公司
A00004,CHINA SECURITIES DEPOSITORY AND CLEARING,CHINA SECURITIES DEPOSITORY AND CLEARING
A00005,CHINA SECURITIES DEPOSITORY AND CLEARING,中國證券登記結算(香港)有限公司
A90003,CHINA SECURITIES DEPOSITORY AND CLEARING,CHINA SECURITIES DEPOSITORY AND CLEARING
A90004,CHINA SECURITIES DEPOSITORY AND CLEARING,CHINA SECURITIES DEPOSITORY AND CLEARING
B00001,CONCORD SECURITIES CO,CONCORD SECURITIES CO
B00008,D. J. INVESTMENT CO,D. J. INVESTMENT CO
B00013,NORMAN KONG & CO,NORMAN KONG & CO
B00026,GOLDEN SEA CO,GOLDEN SEA CO
B00029,HONG KONG SECURITIES CO,HONG KONG SECURITIES CO
B00040,SOEN TAK CO,SOEN TAK CO
B00043,LUEN SING & CO,LUEN SING & CO
B00045,HUNG CHEONG SECURITIES CO,HUNG CHEONG SECURITIES CO
B00047,BOWIN INDUSTRIAL CO,BOWIN INDUSTRIAL CO
B00048,T. W. CHEUNG & CO,T. W. CHEUNG & CO
B00054,CHU CHUNG TIN,CHU CHUNG TIN
B00055,TAT LEE SECURITIES CO,TAT LEE SECURITIES CO
B00067,KUENTAI SECURITIES (KAM NGAN) CO,KUENTAI SECURITIES (KAM NGAN) CO
B00070,YAN YAN INVESTMENT CO,YAN YAN INVESTMENT CO
B00077,TRUTH & CO,TRUTH & CO
B00081,KWONG HING CO,KWONG HING CO
B00084,WAH SANG SECURITIES CO,WAH SANG SECURITIES CO
B00089,HWA LAM CO,HWA LAM CO
B00097,WINNING & CO,WINNING & CO
B00100,T. W. SABNANI & CO,T. W. SABNANI & CO
B00105,TAFONWORTHY INVESTMENT CO,TAFONWORTHY INVESTMENT CO
B00106,SO KWAN NANE & CO,SO KWAN NANE & CO
B00110,WING ON SECURITIES CO,WING ON SECURITIES CO
B00112,MAN LUNG CO,MAN LUNG CO
B00115,TUNG TAK & CO,TUNG TAK & CO
B00116,LLOYD STOCKBROKERS & CO,LLOYD STOCKBROKERS & CO
B00126,FOREGROUND SECURITIES CO,FOREGROUND SECURITIES CO
B00127,POWER SECURITIES CO,POWER SECURITIES CO
B00128,KAM WAH SECURITIES CO,KAM WAH SECURITIES CO
B00129,ZIAR & CO,ZIAR & CO
B00135,WORLDWIDE SECURITIES CO,WORLDWIDE SECURITIES CO
B00147,NORMAN & CO,NORMAN & CO
B00162,FAT LEE CO,FAT LEE CO
B00163,KO KUN STOCK CO,KO KUN STOCK CO
B00164,KO'S BROTHER (SECURITIES) CO,KO'S BROTHER (SECURITIES) CO
B00167,LAERTES SECURITIES CO,LAERTES SECURITIES CO
B00169,KWOK CHUNG CHUN SECURITIES CO,KWOK CHUNG CHUN SECURITIES CO
B00173,YING HO STOCK INVESTMENT CO,YING HO STOCK INVESTMENT CO
B00175,LAU & CO,LAU & CO
B00180,LEE SIN CHAI & CO,LEE SIN CHAI & CO
B00181,SIU ON STOCK INVESTMENT CO,SIU ON STOCK INVESTMENT CO
B00183,LEE YUE LIM SECURITIES CO,LEE YUE LIM SECURITIES CO
B00195,LING CO,LING CO
B00198,WADER INVESTMENT CO,WADER INVESTMENT CO
B00201,WEALTHY INVESTMENT CO,WEALTHY INVESTMENT CO
B00206,SUNRISE INVESTMENT CO,SUNRISE INVESTMENT CO
B00210,GOLDEN HILL INVESTMENT CO,GOLDEN HILL INVESTMENT CO
B00212,ALEXANDRA STOCK CO,ALEXANDRA STOCK CO
B00218,R. YU & CO,R. YU & CO
B00219,KA YUE INVESTMENT CO,KA YUE INVESTMENT CO
B00223,YUEN HANG INVESTMENT CO,YUEN HANG INVESTMENT CO
B00225,MAN YING & CO,MAN YING & CO
B00228,HANG YUE SECURITIES CO,HANG YUE SECURITIES CO
B00229,TUNG SHUN & CO,TUNG SHUN & CO
B00230,KIN FUNG STOCK CO,KIN FUNG STOCK CO
B00232,HOI SANG CO,HOI SANG CO
B00233,UNICORN SECURITIES & CO,UNICORN SECURITIES & CO
B00235,Y. F. CHAN & CO,Y. F. CHAN & CO
B00244,KUO PO INVESTMENT CO,KUO PO INVESTMENT CO
B00250,TRIPLE A & CO,TRIPLE A & CO
B00257,SWIFT STOCK INVESTMENT CO,SWIFT STOCK INVESTMENT CO
B00262,SZEHOPE & CO,SZEHOPE & CO
B00272,EVERGREEN SECURITIES CO,EVERGREEN SECURITIES CO
B00275,CHENG YAM ON & CO,CHENG YAM ON & CO
B00289,GENERAL STOCKS CO,GENERAL STOCKS CO
B00293,AUDREY P. F. CHOW & CO,AUDREY P. F. CHOW & CO
B00295,Y. C. CHOW & CO,Y. C. CHOW & CO
B00303,ASIAN PACIFIC INVESTMENT CO,ASIAN PACIFIC INVESTMENT CO
B00310,HEAD & SHOULDERS CO,HEAD & SHOULDERS CO
B00318,HOP YICK STOCK CO,HOP YICK STOCK CO
B00320,RAMON INVESTMENT CO,RAMON INVESTMENT CO
B00321,WINFIELD SECURITIES CO,WINFIELD SECURITIES CO
B00322,YING WAH SECURITIES CO,YING WAH SECURITIES CO
B00326,LUCKY CO,LUCKY CO
B00335,HING LUNG CO,HING LUNG CO
B00338,HUI KWAN KWONG & CO,HUI KWAN KWONG & CO
B00340,WINSOME STOCK CO,WINSOME STOCK CO
B00343,H. K. HUNG INVESTMENT CO,H. K. HUNG INVESTMENT CO
B00344,TAI NING CO,TAI NING CO
B00345,K. S. KAM & CO,K. S. KAM & CO
B00360,KWONG FOOK HONG,KWONG FOOK HONG
B00362,C. K. SECURITIES CO,C. K. SECURITIES CO
B00371,NORTH SEA SECURITIES,NORTH SEA SECURITIES
B00375,TAI FUNG & CO,TAI FUNG & CO
B00376,CLOVER SECURITIES CO,CLOVER SECURITIES CO
B00378,HOPE & CO,HOPE & CO
B00382,FORTUNATE & CO,FORTUNATE & CO
B00390,LUEN KAM INVESTMENT CO,LUEN KAM INVESTMENT CO
B00392,KAM LUEN CO,KAM LUEN CO
B00393,NAN LEE INVESTMENT CO,NAN LEE INVESTMENT CO
B00397,YAU CHEONG & CO,YAU CHEONG & CO
B00402,CHAMPION & CO,CHAMPION & CO
B00403,GOLD FUND SECURITIES CO,GOLD FUND SECURITIES CO
B00408,MAINLAND SECURITIES CO,MAINLAND SECURITIES CO
B00413,ON HING SECURITIES CO,ON HING SECURITIES CO
B00418,MAN HON YEUNG & CO,MAN HON YEUNG & CO
B00419,WELFORM INVESTORS CO,WELFORM INVESTORS CO
B00422,TIM PO SECURITIES CO,TIM PO SECURITIES CO
B00424,TUNG WUI SECURITIES CO,TUNG WUI SECURITIES CO
B00444,TAK HING & CO,TAK HING & CO
B00450,SOO PEI SHAO & CO,SOO PEI SHAO & CO
B00451,SOO PUI CHEN & CO,SOO PUI CHEN & CO
B00452,HO CHONG & CO,HO CHONG & CO
B00454,FU WAH & CO,FU WAH & CO
B00456,WAI MAN STOCK & SHARES CO,WAI MAN STOCK & SHARES CO
B00457,CHEUNG ON & CO,CHEUNG ON & CO
B00461,TANG PING KONG & CO,TANG PING KONG & CO
B00465,BONANZA SECURITIES CO,BONANZA SECURITIES CO
B00466,TO HOI HUNG CO,TO HOI HUNG CO
B00470,KAN FUNG INVESTMENT CO,KAN FUNG INVESTMENT CO
B00472,ONWARD SECURITIES CO,ONWARD SECURITIES CO
B00473,WINLAND STOCK & SHARES CO,WINLAND STOCK & SHARES CO
B00486,CHUNG LEE & CO,CHUNG LEE & CO
B00487,CHUNG HSIN & CO,CHUNG HSIN & CO
B00489,ANDERSON WEN & CO,ANDERSON WEN & CO
B00490,THE BRIGHT SECURITIES CO,THE BRIGHT SECURITIES CO
B00494,WILBY INVESTMENT CO,WILBY INVESTMENT CO
B00499,HING WAI SECURITIES CO,HING WAI SECURITIES CO
B00502,PROSPEROUS INVESTMENT CO,PROSPEROUS INVESTMENT CO
B00508,HING SHING INVESTMENTS CO,HING SHING INVESTMENTS CO
B00534,SAN WAN YUAN & CO,SAN WAN YUAN & CO
B00539,UNION SECURITIES CO,UNION SECURITIES CO
B00545,CHAN & IU CO,CHAN & IU CO
B00566,NEW UNION SECURITIES CO,NEW UNION SECURITIES CO
B00579,FREDDY CO,FREDDY CO
B00585,J. A. FU & CO,J. A. FU & CO
B00587,TANG KEE & CO,TANG KEE & CO
B00597,LUNE YICK & CO,LUNE YICK & CO
B00598,KATHERINE IP & CO,KATHERINE IP & CO
B00601,VICTORY INVESTMENT CO,VICTORY INVESTMENT CO
B00602,GOLDEN HARVEST STOCK INVESTMENT CO,GOLDEN HARVEST STOCK INVESTMENT CO
B00605,CHONG SECURITIES CO,CHONG SECURITIES CO
B00607,LAI PO HUNG & CO,LAI PO HUNG & CO
B00609,SIU WING STOCKS & SHARES CO,SIU WING STOCKS & SHARES CO
B00610,WANG LEE CO (ADMINISTRATOR APPOINTED),WANG LEE CO (ADMINISTRATOR APPOINTED)
B00620,TAI CHUEN SECURITIES CO,TAI CHUEN SECURITIES CO
B00623,NATIONAL SECURITIES CO,NATIONAL SECURITIES CO
B00636,Y. K. LI CO,Y. K. LI CO
B00642,ANNIE MA & CO,ANNIE MA & CO
B00649,BENTLEY SECURITIES CO,BENTLEY SECURITIES CO
B00659,TRANSPACIFIC SECURITIES CO,TRANSPACIFIC SECURITIES CO
B00661,WAI FAT SECURITIES CO,WAI FAT SECURITIES CO
B00663,HOP YICK & CO,HOP YICK & CO
B00665,KING WAI CO,KING WAI CO
B00670,CHUNG TAK & CO,CHUNG TAK & CO
B00676,CARRY ON SECURITIES CO,CARRY ON SECURITIES CO
B00679,DOVER CO,DOVER CO
B00682,WING TAK & CO,WING TAK & CO
B00684,TAK ON SECURITIES CO,TAK ON SECURITIES CO
B00692,KWONG WAH INVESTMENT CO,KWONG WAH INVESTMENT CO
B00694,CHAN NGOK MING & CO,CHAN NGOK MING & CO
B00695,ALPHA SECURITIES CO,ALPHA SECURITIES CO
B00702,JENNY & EDWARD CHEUNG SECURITIES CO,JENNY & EDWARD CHEUNG SECURITIES CO
B00704,SEAGA INTERNATIONAL,SEAGA INTERNATIONAL
B00716,FOOK TAI & CO,FOOK TAI & CO
B00721,MAN WO INVESTMENT CO,MAN WO INVESTMENT CO
B00723,CARRIER STOCK INVESTMENT CO,CARRIER STOCK INVESTMENT CO
B00725,CHING YICK CO,CHING YICK CO
B00732,YING KIT STOCK CO,YING KIT STOCK CO
B00736,Y. S. LAW & CO,Y. S. LAW & CO
B00741,BOLD WIN SECURITIES CO,BOLD WIN SECURITIES CO
B00742,LEES SECURITIES CO,LEES SECURITIES CO
B00746,SHUK KWUN & CO,SHUK KWUN & CO
B00749,THOMAS SECURITIES CO,THOMAS SECURITIES CO
B00752,LEGARLEON SECURITIES,LEGARLEON SECURITIES
B00765,EASTERN SECURITIES & CO,EASTERN SECURITIES & CO
B00769,HOU TAK INVESTMENT CO,HOU TAK INVESTMENT CO
B00776,YICK FUNG SECURITIES & INVESTMENT CO,YICK FUNG SECURITIES & INVESTMENT CO
B00794,SHUI CHEUNG CO,SHUI CHEUNG CO
B00795,EATON SECURITIES,EATON SECURITIES
B00797,INTERCONTINENT SECURITIES CO,INTERCONTINENT SECURITIES CO
B00799,WILLIAM KOO & CO,WILLIAM KOO & CO
B00803,KAM KWONG CO,KAM KWONG CO
B00804,CHEONG LEE SECURITIES CO,CHEONG LEE SECURITIES CO
B00807,WING CHEUNG HING INVESTMENT CO,WING CHEUNG HING INVESTMENT CO
B00813,VICTORY ENTERPRISES CO,VICTORY ENTERPRISES CO
B00816,JOLLY STOCK INVESTMENT CO,JOLLY STOCK INVESTMENT CO
B00833,RESIDENTS SECURITIES CO,RESIDENTS SECURITIES CO
B00835,CHI HING CO,CHI HING CO
B00846,KEE CHEONG SECURITIES CO,KEE CHEONG SECURITIES CO
B00850,MELBOURNE INVESTMENT CO,MELBOURNE INVESTMENT CO
B00862,HUNG'S CO,HUNG'S CO
B00866,SALISBURY SECURITIES,SALISBURY SECURITIES
B00880,PING ON & CO,PING ON & CO
B00890,TAI FUNG HONG,TAI FUNG HONG
B00902,MAN SHING CO,MAN SHING CO
B00904,TAI HANG INVESTMENT CO,TAI HANG INVESTMENT CO
B00911,KILMOREY SECURITIES CO,KILMOREY SECURITIES CO
B00932,JAMES CO,JAMES CO
B00937,LUEN ON SECURITIES CO,LUEN ON SECURITIES CO
B00947,GENTLE SECURITIES CO,GENTLE SECURITIES CO
B00951,NG WA YEE & CO,NG WA YEE & CO
B00957,KOH'S INVESTMENT CO,KOH'S INVESTMENT CO
B00965,HANTEC SECURITIES CO,HANTEC SECURITIES CO
B00976,STEPHIL SECURITIES CO,STEPHIL SECURITIES CO
B00987,SABAH SECURITIES & INVESTMENT CO,SABAH SECURITIES & INVESTMENT CO
B00988,LAWSONS SECURITIES CO,LAWSONS SECURITIES CO
B01000,GOLDEN DRAGON SECURITIES CO,GOLDEN DRAGON SECURITIES CO
B01004,DASWANI TEK,DASWANI TEK
B01007,BULLISH SECURITIES,BULLISH SECURITIES
B01011,TRADEMORE SECURITIES & INVESTMENT CO,TRADEMORE SECURITIES & INVESTMENT CO
B01015,KAM BO SECURITIES CO,KAM BO SECURITIES CO
B01024,HAMBURG SECURITIES CO,HAMBURG SECURITIES CO
B01031,KELLY & CO,KELLY & CO
B01033,TOWN HANG SECURITIES CO,TOWN HANG SECURITIES CO
B01034,WING YIP CO,WING YIP CO
B01039,KWOK HING SECURITIES CO,KWOK HING SECURITIES CO
B01040,GREAT HONOUR SECURITIES CO,GREAT HONOUR SECURITIES CO
B01045,SAI SHING SECURITIES CO,SAI SHING SECURITIES CO
B01055,LO KIN FAI SECURITIES CO,LO KIN FAI SECURITIES CO
B01068,TEIL STOCK INVESTMENT CO (ADMINISTRATORS,新大利證券投資公司
B01069,KAN FUNG SECURITIES CO,KAN FUNG SECURITIES CO
B01076,BARCLAYS CAPITAL SECURITIES ASIA LTD,BARCLAYS CAPITAL SECURITIES ASIA LTD
B01077,MACQUARIE CAPITAL SECURITIES LTD,MACQUARIE CAPITAL SECURITIES LTD
B01078,STANDARD CHARTERED SECURITIES,STANDARD CHARTERED SECURITIES
B01080,VMS SECURITIES LTD,鼎珮證券有限公司
B01081,TAI WAH & CO,TAI WAH & CO
B01084,S.G. WARBURG SECURITIES ASIA LTD,S.G. WARBURG SECURITIES ASIA LTD
B01085,SALOMON SMITH BARNEY SECURITIES ASIA LTD,SALOMON SMITH BARNEY SECURITIES ASIA LTD
B01086,SUN HUNG KAI INVESTMENT SERVICES LTD,新鴻基投資服務有限公司
B01087,TAI PO SECURITIES CO,TAI PO SECURITIES CO
B01088,CREDIT AGRICOLE INDOSUEZ CHEUVREUX,CREDIT AGRICOLE INDOSUEZ CHEUVREUX
B01089,HSBC BROKING SECURITIES (HONG KONG) LTD,匯豐金融證券(香港)有限公司
B01092,STAR SECURITIES CO,STAR SECURITIES CO
B01096,WARDLEY BROKERS LTD,WARDLEY BROKERS LTD
B01099,KGI SEAPOWER SECURITIES LTD,KGI SEAPOWER SECURITIES LTD
B01100,VICKERS BALLAS HONG KONG SECURITIES LTD,VICKERS BALLAS HONG KONG SECURITIES LTD
B01103,SASSOON SECURITIES LTD,SASSOON SECURITIES LTD
B01104,SMITH NEW COURT FAR EAST LTD,SMITH NEW COURT FAR EAST LTD
B01107,WAH CHEONG SECURITIES CO,WAH CHEONG SECURITIES CO
B01108,HONOUR SECURITIES CO LTD,HONOUR SECURITIES CO LTD
B01110,J.P. MORGAN BROKING (HONG KONG) LTD,J.P. MORGAN BROKING (HONG KONG) LTD
B01112,DANNIS LEE & CO,DANNIS LEE & CO
B01114,YUANTA BROKERAGE CO LTD,元大證券經紀有限公司
B01115,SHENWAN HONGYUAN SECURITIES (H.K.) LTD,申萬宏源證券(香港)有限公司
B01116,HONG KONG WAN KIU INVESTMENT CO,HONG KONG WAN KIU INVESTMENT CO
B01118,EAST ASIA SECURITIES CO LTD,東亞證券有限公司
B01119,CELESTIAL SECURITIES LTD,時富證券有限公司
B01120,JS CRESVALE SECURITIES ASIA LTD,日盛嘉富證券(亞洲)有限公司
B01121,SG SECURITIES (HK) LTD,法國興業證券(香港)有限公司
B01123,HING WONG SECURITIES LTD,興旺證券有限公司
B01124,CHEKIANG FIRST SECURITIES CO LTD,CHEKIANG FIRST SECURITIES CO LTD
B01125,I & P SECURITIES LTD,I & P SECURITIES LTD
B01127,REORIENT FINANCIAL MARKETS LTD,REORIENT FINANCIAL MARKETS LTD
B01129,WOCOM SECURITIES LTD,宏高證券有限公司
B01130,BOCI SECURITIES LTD,中銀國際證券有限公司
B01131,COMMERCIAL INVESTMENT CO LTD,COMMERCIAL INVESTMENT CO LTD
B01133,RBC INVESTMENT SERVICES (ASIA) LTD,加皇投資理財有限公司
B01135,UNITED WORLD SECURITIES (INTERNATIONAL),UNITED WORLD SECURITIES (INTERNATIONAL)
B01137,CHOW SANG SANG SECURITIES LTD,周生生證券有限公司
B01138,CLSA LTD,中信里昂證券有限公司
B01140,MPI SECURITIES (ASIA) LTD,MPI SECURITIES (ASIA) LTD
B01141,FE SECURITIES LTD,廣利証券有限公司
B01142,SHING ON SECURITIES LTD,SHING ON SECURITIES LTD
B01143,HAITONG INTERNATIONAL SECURITIES CO LTD,海通國際證券有限公司
B01144,TAK FUNG SHARES INVESTMENT CO LTD,德豐證券投資有限公司
B01146,GOLDENWAY SECURITIES CO,GOLDENWAY SECURITIES CO
B01148,CHINA MERCHANTS SECURITIES (HK) CO LTD,招商證券(香港)有限公司
B01149,ABN AMRO ASIA SECURITIES (HONG KONG) LTD,ABN AMRO ASIA SECURITIES (HONG KONG) LTD
B01150,MTF SECURITIES LTD,名泰富證券有限公司
B01152,YU ON SECURITIES CO LTD,YU ON SECURITIES CO LTD
B01156,YAT LUNG SECURITIES LTD,壹隆證券有限公司
B01157,PASAY STOCK AND SHARES LTD,巴西證券有限公司
B01158,SOLID KING SECURITIES LTD,堅固證券有限公司
B01160,CHEONG WOON SECURITIES CO,CHEONG WOON SECURITIES CO
B01161,UBS SECURITIES HONG KONG LTD,UBS SECURITIES HONG KONG LTD
B01163,KA WING SECURITIES CO,KA WING SECURITIES CO
B01166,KING FOOK SECURITIES CO LTD,KING FOOK SECURITIES CO LTD
B01168,GRAND SECURITIES CO,GRAND SECURITIES CO
B01169,PUBLIC FINANCIAL SECURITIES LTD,大眾金融証券有限公司
B01170,PBI SECURITIES HONG KONG LTD,PBI SECURITIES HONG KONG LTD
B01171,PROMISING SECURITIES CO,PROMISING SECURITIES CO
B01173,RIFA SECURITIES LTD,日發證券有限公司
B01174,DBS VICKERS SECURITIES (HONG KONG),DBS VICKERS SECURITIES (HONG KONG)
B01175,F. R. ZIMMERN LTD,F. R. ZIMMERN LTD
B01179,GRANSING SECURITIES & INVESTMENT CO,GRANSING SECURITIES & INVESTMENT CO
B01181,FOSUN HANI SECURITIES LTD,復星恆利證券有限公司
B01182,LUEN CHEUNG SHARES INVESTMENT CO,LUEN CHEUNG SHARES INVESTMENT CO
B01183,CHONG HING SECURITIES LTD,創興證券有限公司
B01184,CHINA TONGHAI SECURITIES LTD,中國通海證券有限公司
B01186,BOKHARY & CO,BOKHARY & CO
B01187,YARDLEY SECURITIES CO,YARDLEY SECURITIES CO
B01190,MANY FAIR SECURITIES CO,MANY FAIR SECURITIES CO
B01191,OKACHI INVESTMENTS (HONG KONG) CO LTD,岡地投資(香港)有限公司
B01192,SEEKERS MARKETS LTD,中南金融有限公司
B01193,UPBEST SECURITIES CO,UPBEST SECURITIES CO
B01194,GOOD HARVEST & CO,GOOD HARVEST & CO
B01196,Y. C. FUNG & CO,Y. C. FUNG & CO
B01197,H. K. HUNG & CO,H. K. HUNG & CO
B01198,PO KAY SECURITIES & SHARES CO LTD,步基證券有限公司
B01199,HANG TUNG SECURITIES LTD,HANG TUNG SECURITIES LTD
B01200,GREAT HONEST INVESTMENT CO LTD,浩誠證券有限公司
B01203,HOP LEE STOCK CO,HOP LEE STOCK CO
B01204,TISCO SECURITIES HONG KONG LTD,TISCO SECURITIES HONG KONG LTD
B01206,SELINA & CO,SELINA & CO
B01207,SHAREGAIN DEVELOPMENT LTD,順靈發展有限公司
B01209,MASON SECURITIES LTD,茂宸證券有限公司
B01210,KONGSON SECURITIES LTD,KONGSON SECURITIES LTD
B01212,HENYEP SECURITIES LTD,興業證券有限公司
B01213,MALAHON SECURITIES LTD,萬利豐證券有限公司
B01217,TAIPING SECURITIES (HK) CO LTD,太平証券(香港)有限公司
B01220,WING ON CHEONG SECURITIES CO LTD,WING ON CHEONG SECURITIES CO LTD
B01221,LEE SHUN SECURITIES CO,LEE SHUN SECURITIES CO
B01224,MERRILL LYNCH FAR EAST LTD,MLFE LTD
B01226,CHARK FUNG SECURITIES CO,CHARK FUNG SECURITIES CO
B01227,HOORAY SECURITIES LTD,好盈證券有限公司
B01228,CITIC SECURITIES BROKERAGE (HK) LTD,中信証券經紀(香港)有限公司
B01230,PACIFIC FOUNDATION SECURITIES LTD,太平基業證券有限公司
B01231,HONG KONG INTERNATIONAL SECURITIES LTD,香港國際證券有限公司
B01232,CHIEF INVESTMENT CO,CHIEF INVESTMENT CO
B01233,FOOK TIN SECURITIES (1987) LTD,FOOK TIN SECURITIES (1987) LTD
B01235,LEE ON TAT INVESTMENT LTD,LEE ON TAT INVESTMENT LTD
B01236,LOLLIMAN SECURITIES LTD,LOLLIMAN SECURITIES LTD
B01238,TAI YIP STOCK CO LTD,大業證券有限公司
B01239,NAVA SC SECURITIES LTD,NAVA SC SECURITIES LTD
B01240,TSUN CHI YUEN SECURITIES CO LTD,秦志遠證券有限公司
B01241,TUNLIN SECURITIES CO,TUNLIN SECURITIES CO
B01243,TEN & TEN SECURITIES CO,TEN & TEN SECURITIES CO
B01245,AGINCOURT SECURITIES & CO,AGINCOURT SECURITIES & CO
B01246,ROCTEC SECURITIES CO LTD,鷹達證券有限公司
B01247,KWAI HUNG SECURITIES CO LTD,KWAI HUNG SECURITIES CO LTD
B01248,KWAN YICK SECURITIES (INTERNATIONAL) LTD,均益證券(國際)有限公司
B01250,BILLION SECURITIES CO,BILLION SECURITIES CO
B01251,CHUANGS & CO,CHUANGS & CO
B01252,CORPORATE BROKERS LTD,協聯證券有限公司
B01253,STOCKWELL SECURITIES LTD,常匯證券有限公司
B01254,LEE WAI & CO,LEE WAI & CO
B01256,SINOLINK SECURITIES (HONG KONG) CO LTD,國金證券(香港)有限公司
B01257,HO FUNG SHARES INVESTMENT CO,HO FUNG SHARES INVESTMENT CO
B01258,CHINA POINT STOCK BROKERS LTD,CHINA POINT STOCK BROKERS LTD
B01259,FAIR EAGLE SECURITIES CO LTD,天發證券有限公司
B01260,LAMTEX SECURITIES LTD,林達證券有限公司
B01262,RICOFULL SECURITIES CO,RICOFULL SECURITIES CO
B01264,KIM ENG SECURITIES (HONG KONG) LTD,金英證券(香港)有限公司
B01265,OCBC WING HANG SHARES BROKERAGE CO. LTD,華僑永亨証券有限公司
B01266,PREMIER Q SECURITIES LTD,乾立亨證券有限公司
B01267,WINFULL SECURITIES LTD,永富證券有限公司
B01270,LEE TAT & CO,LEE TAT & CO
B01271,HANG TAI SECURITIES LTD,恒泰証券有限公司
B01272,FB SECURITIES (HONG KONG) LTD,富銀證券(香港)有限公司
B01273,WHOLE WIN SECURITIES CO,WHOLE WIN SECURITIES CO
B01274,MORGAN STANLEY HONG KONG SECURITIES LTD,MORGAN STANLEY HONG KONG SECURITIES LTD
B01275,SANFULL SECURITIES LTD,新富證券有限公司
B01276,LEHMAN BROTHERS SECURITIES ASIA LTD,LEHMAN BROTHERS SECURITIES ASIA LTD
B01277,BRADBURY SECURITIES LTD,源盛證券有限公司
B01279,THE BEST SECURITIES CO,THE BEST SECURITIES CO
B01280,WING FAT SECURITIES LTD,永發證券有限公司
B01282,CHELSEA SECURITIES LTD,昭海金融證券有限公司
B01283,V SIX SECURITIES LTD,V SIX SECURITIES LTD
B01284,HANG SENG SECURITIES LTD,恒生證券有限公司
B01286,K L SECURITIES CO,K L SECURITIES CO
B01287,PEREGRINE BROKERAGE LTD,PEREGRINE BROKERAGE LTD
B01288,BOND'S SECURITIES LTD,BOND'S SECURITIES LTD
B01289,SOUTH CHINA SECURITIES LTD,南華證券投資有限公司
B01290,SPS SECURITIES LTD,新寶城證券有限公司
B01292,ALPHA SECURITIES CO LTD,亞華證券有限公司
B01294,CS WEALTH SECURITIES LTD,中策富匯證券有限公司
B01295,KARL THOMSON SECURITIES CO,KARL THOMSON SECURITIES CO
B01296,MONTGOMERY SECURITIES LTD,萬金來證券有限公司
B01297,ONSHINE SECURITIES LTD,朗盈證券有限公司
B01298,GET NICE SECURITIES LTD,結好證券有限公司
B01299,BNP PARIBAS SECURITIES (ASIA) LTD,BNP PARIBAS SECURITIES (ASIA) LTD
B01300,OCBC SECURITIES (HONG KONG) LTD,OCBC SECURITIES (HONG KONG) LTD
B01301,PARIBAS ASIA EQUITY LTD,PARIBAS ASIA EQUITY LTD
B01303,UPWORTH SECURITIES LTD,UPWORTH SECURITIES LTD
B01304,ANGLO CHINESE SECURITIES LTD,ANGLO CHINESE SECURITIES LTD
B01305,CHIA TAI SECURITIES LTD,CHIA TAI SECURITIES LTD
B01307,CHELAC INVESTMENT CO,CHELAC INVESTMENT CO
B01308,SOLOMON SECURITIES LTD,所羅門證券有限公司
B01309,WO FUNG SECURITIES CO,WO FUNG SECURITIES CO
B01310,TUNG TAK SECURITIES (H.K.) CO LTD,同德証券(香港)有限公司
B01317,C.A. PACIFIC SECURITIES LTD,C.A. PACIFIC SECURITIES LTD
B01318,OKASAN INTERNATIONAL (ASIA) LTD,岡三國際(亞洲)有限公司
B01320,LUEN FAT SECURITIES CO LTD,聯發證券有限公司
B01321,WINTAKLY SECURITIES CO,WINTAKLY SECURITIES CO
B01322,INFAST BROKERAGE LTD,進匯證券有限公司
B01323,DEUTSCHE SECURITIES ASIA LTD,德意志證券亞洲有限公司
B01324,FUNDERSTONE SECURITIES LTD,FUNDERSTONE SECURITIES LTD
B01325,MASTER SECURITIES & INVESTMENT CO,MASTER SECURITIES & INVESTMENT CO
B01326,MORGAN FUEL GO SECURITIES LTD,摩根富國證券有限公司
B01328,BAN HIN SECURITIES CO LTD,萬興證券有限公司
B01329,BLOOMYEARS LTD,昌萬年有限公司
B01330,NOMURA SECURITIES (HK) LTD,NOMURA SECURITIES (HK) LTD
B01331,WALCO SECURITIES CO,WALCO SECURITIES CO
B01332,NEW GALA SECURITIES CO,NEW GALA SECURITIES CO
B01335,PLASIA SECURITIES CO,PLASIA SECURITIES CO
B01337,TAI FAT SECURITIES CO,TAI FAT SECURITIES CO
B01338,EMPEROR SECURITIES LTD,英皇證券(香港)有限公司
B01340,LEHIN SECURITIES LTD,利興股票有限公司
B01341,TUNG TAI SECURITIES CO LTD,東泰證券有限公司
B01342,WAH THAI SECURITIES LTD,WAH THAI SECURITIES LTD
B01343,CELETIO INVESTMENTS LTD,展兆投資有限公司
B01344,DAIWA SECURITIES SMBC (ASIA) LTD,DAIWA SECURITIES SMBC (ASIA) LTD
B01345,PHILLIP SECURITIES (HONG KONG) LTD,輝立証券(香港)有限公司
B01346,CHINA PACIFIC SECURITIES LTD,CHINA PACIFIC SECURITIES LTD
B01347,CGS-CIMB SECURITIES (HONG KONG) LTD,銀河—聯昌證券(香港)有限公司
B01348,GRAND FORTUNE SECURITIES & INVESTMENT CO,GRAND FORTUNE SECURITIES & INVESTMENT CO
B01349,GA LUNG SECURITIES CO,GA LUNG SECURITIES CO
B01350,S. W. WOO & CO LTD,榮興證券有限公司
B01351,WING FUNG SECURITIES LTD,永豐證券有限公司
B01352,UNI-CROWN INVESTMENT LTD,UNI-CROWN INVESTMENT LTD
B01353,UOB KAY HIAN (HONG KONG) LTD,大華繼顯(香港)有限公司
B01355,CHINA EVERBRIGHT SECURITIES (HK) LTD,中國光大證券(香港)有限公司
B01356,DELTA ASIA SECURITIES LTD,匯業證券有限公司
B01358,TANRICH SECURITIES CO,TANRICH SECURITIES CO
B01359,PAK LEE STOCK CO,PAK LEE STOCK CO
B01360,SEAMICO MARLIN SECURITIES (H.K.) LTD,SEAMICO MARLIN SECURITIES (H.K.) LTD
B01361,B.N.P. SECURITIES (HONG KONG) LTD,B.N.P. SECURITIES (HONG KONG) LTD
B01362,JOSPA INVESTMENT CO LTD,祖達股票行有限公司
B01364,STANDARD CAPITAL BROKERAGE LTD,STANDARD CAPITAL BROKERAGE LTD
B01365,THE NIKKO SECURITIES CO (HONG KONG) LTD,THE NIKKO SECURITIES CO (HONG KONG) LTD
B01366,UBS SECURITIES (HONG KONG) LTD,UBS SECURITIES (HONG KONG) LTD
B01367,EVERLIGHT SHARES CO,EVERLIGHT SHARES CO
B01368,CORRINGTON SECURITIES & INVESTMENT LTD,CORRINGTON SECURITIES & INVESTMENT LTD
B01369,MAXGAIN INVESTMENT LTD,MAXGAIN INVESTMENT LTD
B01370,WINSON SECURITIES LTD,WINSON SECURITIES LTD
B01372,FIRST WORLDSEC SECURITIES LTD,第一金和昇證券有限公司
B01373,CHRISTFUND SECURITIES LTD,恆豐證券有限公司
B01374,PO LEE SECURITIES LTD,寶利證券有限公司
B01375,AVEREST CAPITAL LTD,永桐資本有限公司
B01376,PUBLIC SECURITIES LTD,大眾証券有限公司
B01377,WAI KEUNG SECURITIES CO,WAI KEUNG SECURITIES CO
B01379,GOLDEN FOUNTAIN SECURITIES CO,GOLDEN FOUNTAIN SECURITIES CO
B01380,HING LEE SECURITIES CO,HING LEE SECURITIES CO
B01381,ALLIED PROFIT SECURITIES CO,ALLIED PROFIT SECURITIES CO
B01382,CHINA-HK INTERNATIONAL SECURITIES LTD,CHINA-HK INTERNATIONAL SECURITIES LTD
B01383,RICH PLEASURE SECURITIES LTD,富欣證券有限公司
B01384,ORIENTAL STOCKS & SHARES (INVESTMENT) CO,ORIENTAL STOCKS & SHARES (INVESTMENT) CO
B01385,FAIRWIN BROKING LTD,海富證券有限公司
B01386,SBI CHINA CAPITAL FINANCIAL SERVICES LTD,軟庫中華金融服務有限公司
B01387,LUEN HING SECURITIES LTD,LUEN HING SECURITIES LTD
B01388,MANSON HONG KONG LTD,MANSON HONG KONG LTD
B01389,ZHONGRONG PT SECURITIES LTD,中融平和證券有限公司
B01390,CLARION CAPITAL ASIA LTD,CLARION CAPITAL ASIA LTD
B01391,KAY YUE SECURITIES CO LTD,KAY YUE SECURITIES CO LTD
B01392,TAIFAIR SECURITIES LTD,大輝證券有限公司
B01393,CHINA NONFERROUS METALS SECURITIES CO,CHINA NONFERROUS METALS SECURITIES CO
B01395,SIX SIGMA BROKERAGE LTD,SIX SIGMA BROKERAGE LTD
B01396,REALIGHT INVESTMENT LTD,REALIGHT INVESTMENT LTD
B01397,BALI SECURITIES CO LTD,BALI SECURITIES CO LTD
B01398,TAI SHING STOCK INVESTMENT CO,TAI SHING STOCK INVESTMENT CO
B01399,JIN LOONG SECURITIES CO LTD,JIN LOONG SECURITIES CO LTD
B01400,GLOBAL CREDIT SECURITIES LTD,GLOBAL CREDIT SECURITIES LTD
B01401,MEGABASE SECURITIES LTD,萬達基證券有限公司
B01402,PHOENIX CAPITAL SECURITIES LTD,英明證券有限公司
B01403,QUEST STOCKBROKERS (HK) LTD,華輝證券有限公司
B01404,HONG KONG STOCK LINK SECURITIES LTD,港股通証券有限公司
B01405,ETRADE SECURITIES LTD,ETRADE SECURITIES LTD
B01406,CHINA SECURITIES HOLDINGS LTD,CHINA SECURITIES HOLDINGS LTD
B01407,WIN WONG SECURITIES LTD,宏旺證券有限公司
B01408,PACIFIC RIM SECURITIES,PACIFIC RIM SECURITIES
B01409,DRESDNER KLEINWORT WASSERSTEIN,DRESDNER KLEINWORT WASSERSTEIN
B01410,WINGS SECURITIES (HK) LTD,金鵬證券有限公司
B01411,WING YEE CO,WING YEE CO
B01412,RANK GLORY INVESTMENT LTD,RANK GLORY INVESTMENT LTD
B01413,CORE PACIFIC - YAMAICHI INTERNATIONAL,京華山一國際(香港)有限公司
B01414,EVERHOT SECURITIES LTD,EVERHOT SECURITIES LTD
B01415,TARZAN STOCK & SHARES LTD,泰山證券有限公司
B01416,VC BROKERAGE LTD,匯盈證券有限公司
B01417,CHEE TAK SECURITIES LTD,致德證券有限公司
B01418,EVER-LONG SECURITIES CO,EVER-LONG SECURITIES CO
B01419,UNICO SECURITIES LTD,UNICO SECURITIES LTD
B01420,A ONE INVESTMENT CO LTD,A ONE INVESTMENT CO LTD
B01421,ONEPLATFORM SECURITIES LTD,環一證券有限公司
B01423,PRUDENTIAL BROKERAGE LTD,信誠證券有限公司
B01424,INTERCHINA SECURITIES LTD,INTERCHINA SECURITIES LTD
B01425,WELLFULL SECURITIES CO LTD,偉富證券有限公司
B01426,YEE FAT SECURITIES CO LTD,YEE FAT SECURITIES CO LTD
B01427,SINCERE SECURITIES LTD,訊匯證券有限公司
B01428,HIP HING SECURITIES LTD,協興股票有限公司
B01429,NEW JAPAN SECURITIES INTERNATIONAL,NEW JAPAN SECURITIES INTERNATIONAL
B01430,CITIGROUP GLOBAL MARKETS ASIA LTD,CITIGROUP GLOBAL MARKETS ASIA LTD
B01431,YUE SHING SECURITIES CO LTD,YUE SHING SECURITIES CO LTD
B01432,GRAND GENERALE SECURITIES LTD,GRAND GENERALE SECURITIES LTD
B01433,HING WAI ALLIED SECURITIES LTD,興偉聯合證券有限公司
B01434,BEEVEST SECURITIES LTD,蜂投證券有限公司
B01435,JOLLY FIRST CAPITAL LTD,捷利證券有限公司
B01436,MANBLE SECURITIES LTD,MANBLE SECURITIES LTD
B01437,SINO CAPITAL SECURITIES LTD,國順證券有限公司
B01438,KINGSTON SECURITIES LTD,金利豐證券有限公司
B01439,TAI TAK SECURITIES (ASIA) LTD,大德證券(亞洲)有限公司
B01440,HOU TAK SECURITIES LTD,HOU TAK SECURITIES LTD
B01441,M & A SECURITIES (HK) LTD,M & A SECURITIES (HK) LTD
B01442,CENTURY CITY SECURITIES LTD,CENTURY CITY SECURITIES LTD
B01443,YING WAH SECURITIES CO LTD,英華證券有限公司
B01444,BAILI SECURITIES CO LTD,百利證券有限公司
B01445,VICTORY SECURITIES CO LTD,勝利證券有限公司
B01446,FORLUXE SECURITIES CO,FORLUXE SECURITIES CO
B01447,WONDERLAND INTERNATIONAL SECURITIES LTD,華德國際證券有限公司
B01448,SOEN TAK SECURITIES CO LTD,SOEN TAK SECURITIES CO LTD
B01449,TARTAN SECURITIES (ASIA) LTD,TARTAN SECURITIES (ASIA) LTD
B01450,DL BROKERAGE LTD,佐雄證券有限公司
B01451,GOLDMAN SACHS (ASIA) SECURITIES LTD,高盛(亞洲)證券有限公司
B01452,GRAND FORTUNE SECURITIES & INVESTMENT CO,GRAND FORTUNE SECURITIES & INVESTMENT CO
B01453,INSTINET ALPHA TRADING LTD,INSTINET ALPHA TRADING LTD
B01454,HAO TIAN INTERNATIONAL SECURITIES LTD,昊天國際證券有限公司
B01455,NATIONAL RESOURCES SECURITIES LTD,中潤證券有限公司
B01456,FOREGROUND SECURITIES CO LTD,FOREGROUND SECURITIES CO LTD
B01457,MARS SECURITIES CO LTD,億寶証券有限公司
B01458,YICKO SECURITIES LTD,益高證券有限公司
B01459,IFAST SECURITIES (HK) LTD,奕豐證券(香港)有限公司
B01460,BERICH BROKERAGE LTD,百裕證券有限公司
B01461,BILLION SECURITIES CO LTD,BILLION SECURITIES CO LTD
B01462,PING AN SECURITIES LTD,平安證券有限公司
B01463,KGI WEALTH MANAGEMENT LTD,KGI WEALTH MANAGEMENT LTD
B01464,PIPER JAFFRAY ASIA SECURITIES LTD,PIPER JAFFRAY ASIA SECURITIES LTD
B01465,FULL SPEED SECURITIES CO LTD,FULL SPEED SECURITIES CO LTD
B01466,FULIXIN SECURITIES LTD,富力鑫證券有限公司
B01467,STAR SECURITIES LTD,STAR SECURITIES LTD
B01468,BRIGHT SMART SECURITIES CO LTD,BRIGHT SMART SECURITIES CO LTD
B01469,KAISER SECURITIES LTD,嘉信証券有限公司
B01470,HUNG SING SECURITIES LTD,鴻昇證券有限公司
B01471,GREAT BAY SECURITIES LTD,大灣區深港證券有限公司
B01472,SUN GROWTH SECURITIES LTD,志昇証券有限公司
B01473,SUNNY WORLD INVESTMENT LTD,新利偉投資有限公司
B01474,VICTORFIELD SECURITIES LTD,VICTORFIELD SECURITIES LTD
B01475,WING SANG SECURITIES CO LTD,WING SANG SECURITIES CO LTD
B01476,GOLD TRIUMPH INVESTMENT LTD,GOLD TRIUMPH INVESTMENT LTD
B01477,FT SECURITIES LTD,FT SECURITIES LTD
B01478,GOLDBRIDGE SECURITIES LTD,金橋證券有限公司
B01479,SEG INTERNATIONAL SECURITIES (H.K.) LTD,SEG INTERNATIONAL SECURITIES (H.K.) LTD
B01480,KEPPEL SECURITIES HONG KONG LTD,KEPPEL SECURITIES HONG KONG LTD
B01481,NEW REGION SECURITIES CO LTD,恆盛證券有限公司
B01482,RICH SECURITIES LTD,RICH SECURITIES LTD
B01483,BULLISH SECURITIES LTD,利銘證券有限公司
B01484,HARVESTER (SECURITIES) CO LTD,HARVESTER (SECURITIES) CO LTD
B01485,WING YIP CO LTD (IN LIQUIDATION),永業證券有限公司
B01486,ASG BROKERAGE LTD,ASG BROKERAGE LTD
B01487,CHINA RENAISSANCE BROKING SERVICES (HONG,華興金融服務(香港)有限公司
B01488,KOWLOON DEVELOPMENT K. F. LO SECURITIES,KOWLOON DEVELOPMENT K. F. LO SECURITIES
B01489,GRAND CARTEL SECURITIES CO LTD,宏大證券有限公司
B01490,HSBC SECURITIES BROKERS (ASIA) LTD,HSBC SECURITIES BROKERS (ASIA) LTD
B01491,CREDIT SUISSE SECURITIES (HONG KONG) LTD,CREDIT SUISSE SECURITIES (HONG KONG) LTD
B01492,KAM WAH SECURITIES LTD,KAM WAH SECURITIES LTD
B01493,YARDLEY SECURITIES LTD,溢利證券有限公司
B01494,AUDREY CHOW SECURITIES LTD,高陞證券有限公司
B01495,CORE PACIFIC SECURITIES INTERNATIONAL,CORE PACIFIC SECURITIES INTERNATIONAL
B01496,LIBRA ASIA SECURITIES LTD,LIBRA ASIA SECURITIES LTD
B01497,SINOPAC SECURITIES (ASIA) LTD,永豐金證券(亞洲)有限公司
B01498,YAN YAN INVESTMENT LTD,YAN YAN INVESTMENT LTD
B01499,HLG SECURITIES (HK) LTD,HLG SECURITIES (HK) LTD
B01500,D.J. SECURITIES LTD,申新證券有限公司
B01501,GOLDRIDE SECURITIES LTD,金旭證券有限公司
B01502,NEW UNIVERSE SECURITIES (HK) LTD,NEW UNIVERSE SECURITIES (HK) LTD
B01503,GOLD CENTRE INVESTMENT CO,GOLD CENTRE INVESTMENT CO
B01504,J.P. MORGAN SECURITIES HONG KONG LTD,J.P. MORGAN SECURITIES HONG KONG LTD
B01505,SHACOM SECURITIES LTD,上銀證券有限公司
B01506,BEAR STEARNS ASIA LTD,BEAR STEARNS ASIA LTD
B01507,CHENG YAM ON SECURITIES LTD,CHENG YAM ON SECURITIES LTD
B01508,SOUTHWEST SECURITIES (HK) BROKERAGE LTD,西證(香港)證券經紀有限公司
B01509,UNICORN SECURITIES CO LTD,益群證券有限公司
B01510,ORIENTAL PATRON SECURITIES LTD,東英亞洲證券有限公司
B01511,TAT LEE SECURITIES CO LTD,達利證券有限公司
B01512,CLOVER SECURITIES CO LTD (IN MEMBERS',CLOVER SECURITIES CO LTD (IN MEMBERS'
B01513,CONCORD SECURITIES CO LTD,CONCORD SECURITIES CO LTD
B01514,KARL-THOMSON SECURITIES CO LTD,高信證券有限公司
B01515,KOKUSAI SECURITIES (HONG KONG) LTD,KOKUSAI SECURITIES (HONG KONG) LTD
B01516,SHANGHAI SHENYIN SECURITIES (H. K.) LTD,SHANGHAI SHENYIN SECURITIES (H. K.) LTD
B01517,WEI XIN SECURITIES LTD,WEI XIN SECURITIES LTD
B01518,GINY SECURITIES CO,GINY SECURITIES CO
B01519,GOOD HARVEST SECURITIES CO LTD,豐年証券投資有限公司
B01520,NORTH SEA SECURITIES LTD,立生證券有限公司
B01521,CHAN NGOK MING SECURITIES LTD,陳岳明證券有限公司
B01522,CHUANGS & CO LTD,CHUANGS & CO LTD
B01523,EVER-LONG SECURITIES CO LTD,長雄證券有限公司
B01524,GOLDEN HILL INVESTMENT CO LTD,GOLDEN HILL INVESTMENT CO LTD
B01525,KEE CHEONG SECURITIES CO LTD,祺昌證券有限公司
B01526,SIU FAI SECURITIES CO LTD,韶輝證券有限公司
B01527,NITTAN SECURITIES ASIA LTD,溢勝證券亞洲有限公司
B01528,EAA SECURITIES LTD,東美證券有限公司
B01529,HK KOWLOON FIRST SECURITIES CO LTD,HK KOWLOON FIRST SECURITIES CO LTD
B01530,FULLJET SECURITIES LTD,富澤證券有限公司
B01531,LAU & CO LTD,LAU & CO LTD
B01532,MAN LUNG HONG SECURITIES LTD,萬隆行證券有限公司
B01534,POWER RANGE SECURITIES CO LTD,POWER RANGE SECURITIES CO LTD
B01535,WING YEE SECURITIES CO LTD,詠誼證券投資有限公司
B01537,AMSTEEL SECURITIES (H.K.) LTD,AMSTEEL SECURITIES (H.K.) LTD
B01538,MORTON SECURITIES LTD,萬基證券有限公司
B01539,FORDJOY SECURITIES LTD,FORDJOY SECURITIES LTD
B01540,UPBEST SECURITIES CO LTD,美建證券有限公司
B01541,BRILLIANT SECURITIES LTD,BRILLIANT SECURITIES LTD
B01542,GRAND ONWARD SECURITIES LTD,GRAND ONWARD SECURITIES LTD
B01543,KWONG FAT HONG (SECURITIES) LTD,廣發行証券有限公司
B01544,IPO SECURITIES LTD,IPO SECURITIES LTD
B01545,TUNG SHING SECURITIES (BROKERS) LTD,TUNG SHING SECURITIES (BROKERS) LTD
B01546,WO FUNG SECURITIES CO LTD,和豐證券有限公司
B01547,KWOK HING SECURITIES LTD,國興証券有限公司
B01548,LEE WAI SECURITIES LTD,LEE WAI SECURITIES LTD
B01549,PROSPEROUS SECURITIES LTD,PROSPEROUS SECURITIES LTD
B01550,HUAYU SECURITIES LTD,華裕證券有限公司
B01551,YUE XIU SECURITIES CO LTD,越秀証券有限公司
B01552,CARRIER STOCK INVESTMENT CO LTD,嘉利證券投資有限公司
B01553,GRAND SECURITIES CO LTD,GRAND SECURITIES CO LTD
B01554,MACQUARIE EQUITIES (ASIA) LTD,MACQUARIE EQUITIES (ASIA) LTD
B01555,ABN AMRO CLEARING HONG KONG LTD,ABN AMRO CLEARING HONG KONG LTD
B01556,LUK FOOK SECURITIES (HK) LTD,六福證券(香港)有限公司
B01557,CHU CHUNG TIN SECURITIES LTD,CHU CHUNG TIN SECURITIES LTD
B01558,GOLD FUND SECURITIES CO LTD,GOLD FUND SECURITIES CO LTD
B01559,HING LEE SECURITIES LTD,興利証券有限公司
B01562,C.A. INTERNATIONAL SECURITIES LTD,C.A. INTERNATIONAL SECURITIES LTD
B01563,HUARONG INTERNATIONAL SECURITIES LTD,華融國際證券有限公司
B01564,ABCI SECURITIES CO LTD,農銀國際證券有限公司
B01565,GUOTAI JUNAN SECURITIES (HONG KONG) LTD,國泰君安證券(香港)有限公司
B01566,K.K.M. SECURITIES LTD,新同得有限公司
B01567,PRIME SECURITIES LTD,發利證券有限公司
B01568,SHUN LOONG SECURITIES CO LTD,順隆證券行有限公司
B01569,TANG PING KONG LTD,太平行證券有限公司
B01570,GOLDENWAY SECURITIES CO LTD,金匯證券有限公司
B01571,KARFORD SECURITIES LTD,加福證券有限公司
B01572,ALEXANDRA STOCK CO LTD,ALEXANDRA STOCK CO LTD
B01573,TIM PO SECURITIES CO LTD,TIM PO SECURITIES CO LTD
B01574,WADER SECURITIES CO LTD,匯達証券有限公司
B01575,MASTER TRADEMORE SECURITIES LTD,恒富證券有限公司
B01576,SIU ON SECURITIES LTD,兆安證券有限公司
B01577,YF SECURITIES CO LTD,怡發證券有限公司
B01579,ELSTONE SECURITIES LTD,千里碩證券有限公司
B01580,OSHIDORI SECURITIES LTD,威華達證券有限公司
B01581,KINGSWAY FINANCIAL SERVICES GROUP LTD,滙富金融服務有限公司
B01582,THING ON SECURITIES LTD,晉安証券有限公司
B01583,RESIDENTS SECURITIES LTD,RESIDENTS SECURITIES LTD
B01584,CHIEF SECURITIES LTD,致富證券有限公司
B01585,SINO GRADE SECURITIES LTD,華誠證券有限公司
B01586,WHOLE WIN SECURITIES LTD,鴻運証券有限公司
B01587,T.Z. & W.Y. CHEUNG STOCKS LTD,T.Z. & W.Y. CHEUNG STOCKS LTD
B01588,LEI SHING HONG SECURITIES LTD,利星行證券有限公司
B01589,OUB SECURITIES (H.K.) LTD,OUB SECURITIES (H.K.) LTD
B01590,INTERACTIVE BROKERS HONG KONG LTD,盈透證券香港有限公司
B01591,BRIGHTON SECURITIES (HONG KONG) LTD,BRIGHTON SECURITIES (HONG KONG) LTD
B01592,PLATINUM BROKING CO LTD,百德能經紀有限公司
B01593,DAI-ICHI SECURITIES PACIFIC LTD,DAI-ICHI SECURITIES PACIFIC LTD
B01594,HOENIG (FAR EAST) LTD,HOENIG (FAR EAST) LTD
B01595,HUNG BROTHERS LTD,HUNG BROTHERS LTD
B01596,LG SECURITIES (H.K.) LTD,LG SECURITIES (H.K.) LTD
B01597,TIMES SECURITIES CO LTD,TIMES SECURITIES CO LTD
B01598,AMMB SECURITIES (H.K.) LTD,AMMB SECURITIES (H.K.) LTD
B01599,POLARIS SECURITIES (HONG KONG) LTD,POLARIS SECURITIES (HONG KONG) LTD
B01600,THOMAS GLOBAL FINANCIAL SERVICES LTD,石匠環球金服有限公司
B01601,CSC SECURITIES (HK) LTD,群益證券(香港)有限公司
B01602,FORLUXE SECURITIES LTD,FORLUXE SECURITIES LTD
B01603,KOFFMAN SECURITIES LTD,KOFFMAN SECURITIES LTD
B01604,HUABANG SECURITIES LTD,華邦證券有限公司
B01605,ESSENCE INTERNATIONAL FINANCIAL HOLDINGS,ESSENCE INTERNATIONAL FINANCIAL HOLDINGS
B01606,EWARTON SECURITIES LTD,穎翔證券有限公司
B01607,RHB SECURITIES HONG KONG LTD,興業金融證券有限公司
B01608,TC CONCORD SECURITIES LTD,天宸康合證券有限公司
B01609,WILBY SECURITIES LTD,惠興証券有限公司
B01610,KGI ASIA LTD,凱基證券亞洲有限公司
B01611,CAPITAL FRIEND SECURITIES LTD,CAPITAL FRIEND SECURITIES LTD
B01612,CU SECURITIES LTD,CU SECURITIES LTD
B01613,GOLDEN LIGHT SECURITIES LTD,GOLDEN LIGHT SECURITIES LTD
B01614,CHINA HONG KONG CAPITAL ASSET MANAGEMENT,中港金融資產管理有限公司
B01615,KAM FAI SECURITIES CO LTD,金輝証券有限公司
B01616,PACIFIC PEARL SECURITIES LTD,PACIFIC PEARL SECURITIES LTD
B01618,MAN WO INVESTMENT CO LTD,MAN WO INVESTMENT CO LTD
B01619,TUNG WUI SECURITIES CO LTD,東匯證券有限公司
B01620,VICTORY ENTERPRISES (INVESTMENT) LTD,萬利企業(投資)有限公司
B01621,TOWN HANG SECURITIES CO LTD,TOWN HANG SECURITIES CO LTD
B01622,CHARK FUNG SECURITIES CO LTD,CHARK FUNG SECURITIES CO LTD
B01623,TAI FUNG KUENTAI SECURITIES CO LTD,大豐崑泰證券有限公司
B01624,CHINA GUARD INVESTMENTS LTD,中衛投資有限公司
B01625,METRO CAPITAL SECURITIES LTD,美高證券有限公司
B01626,ONG ASIA SECURITIES (HK) LTD,ONG ASIA SECURITIES (HK) LTD
B01627,CSFG INTERNATIONAL SECURITIES LTD,山高國際證券有限公司
B01628,GREAT HONOUR SECURITIES LTD,GREAT HONOUR SECURITIES LTD
B01629,WALCO SECURITIES LTD,WALCO SECURITIES LTD
B01630,ANLI SECURITIES LTD,安里證券有限公司
B01631,PLANETREE SECURITIES LTD,梧桐證券有限公司
B01632,WAI FAT SECURITIES LTD,威發證券有限公司
B01633,ENLIGHTEN SECURITIES LTD,名匯證券有限公司
B01634,LLOYD SECURITIES CO LTD,LLOYD SECURITIES CO LTD
B01635,TAI WAH SECURITIES LTD,TAI WAH SECURITIES LTD
B01636,BUSINESS SECURITIES LTD,東信證券有限公司
B01637,COMPASS SECURITIES LTD,COMPASS SECURITIES LTD
B01638,KILMOREY SECURITIES LTD,金力証券有限公司
B01640,BEIJING SECURITIES LTD,北京證券有限公司
B01641,FULL WIN SECURITIES LTD,富盛證券有限公司
B01642,KMT SECURITIES LTD,飛達證券有限公司
B01643,LAI PO HUNG & CO LTD,LAI PO HUNG & CO LTD
B01644,Y. F. CHAN SECURITIES LTD,Y. F. CHAN SECURITIES LTD
B01645,SELINA & CO LTD,永高證券有限公司
B01646,TAI NING STOCK CO LTD,大寧證券有限公司
B01647,TRUTH SECURITIES LTD,致富證券投資有限公司
B01648,STELLAR SECURITIES LTD,恆星證券有限公司
B01649,CINDA INTERNATIONAL SECURITIES LTD,信達國際證券有限公司
B01650,KAM LUEN SECURITIES LTD,金鑾證券有限公司
B01651,MING HON SECURITIES LTD,明漢證券有限公司
B01652,TIS SECURITIES (HK) LTD,TIS SECURITIES (HK) LTD
B01653,WAI MAN STOCK & SHARES CO LTD,偉民股票買賣有限公司
B01654,CHINA INTERNATIONAL CAPITAL CORPORATION,中國國際金融香港證券有限公司
B01655,SANTANDER INVESTMENT SECURITIES (HK) LTD,SANTANDER INVESTMENT SECURITIES (HK) LTD
B01656,DASHIN SECURITIES LTD,DASHIN SECURITIES LTD
B01657,JS CRESVALE SECURITIES INTERNATIONAL LTD,日盛嘉富證券國際有限公司
B01658,DRAKE & MORGAN LTD,DRAKE & MORGAN LTD
B01659,CHEER UNION SECURITIES LTD,滿好證券有限公司
B01660,GRANSING SECURITIES CO LTD,國投證券有限公司
B01661,HERMES SECURITIES LTD,凱敏證券有限公司
B01662,BOKHARY SECURITIES LTD,包大衛証券投資有限公司
B01663,"DONALDSON, LUFKIN & JENRETTE ASIA","DONALDSON, LUFKIN & JENRETTE ASIA"
B01664,ROOFER SECURITIES LTD,路華證券有限公司
B01665,WINSOME STOCK CO LTD,永勝證券有限公司
B01666,GLORY SUN SECURITIES LTD,寶新證券有限公司
B01667,WIN SUCCESSFUL SECURITIES LTD,WIN SUCCESSFUL SECURITIES LTD
B01668,BRIGHT SMART SECURITIES INTERNATIONAL,耀才證券國際(香港)有限公司
B01669,FIRST SECURITIES (HK) LTD,第一證券(香港)有限公司
B01670,BAOQIAO PARTNERS SECURITIES (HK) LTD,寶橋證券(香港)有限公司
B01671,AEVITAS SECURITIES LTD,大錦證券有限公司
B01672,WORLDWIDE BROKERAGE LTD,環球證券有限公司
B01673,FULBRIGHT SECURITIES LTD,富昌證券有限公司
B01674,HONGKONG BAY SECURITIES LTD,港灣證券有限公司
B01675,T. W. SABNANI SECURITIES LTD,T. W. SABNANI SECURITIES LTD
B01676,TAI SHING STOCK INVESTMENT CO LTD,大盛証券投資有限公司
B01677,ANUENUE SECURITIES LTD,鉅亨證券有限公司
B01678,GLS SECURITIES LTD,佳隆證券有限公司
B01679,TAI FUNG SECURITIES LTD,大豐證券有限公司
B01680,SUCCESS SECURITIES LTD,實德證券有限公司
B01681,BOCOM INTERNATIONAL HOLDINGS CO LTD,BOCOM INTERNATIONAL HOLDINGS CO LTD
B01682,RAMON INVESTMENT CO,RAMON INVESTMENT CO
B01683,DBS TD WATERHOUSE SECURITIES (HONG KONG),DBS TD WATERHOUSE SECURITIES (HONG KONG)
B01684,WING ON SECURITIES LTD,永安證券有限公司
B01685,EVERGRANDE SECURITIES (HONG KONG) LTD,恆大證券(香港)有限公司
B01686,FIRST SHANGHAI SECURITIES LTD,第一上海證券有限公司
B01687,CHARLES SCHWAB HONG KONG SECURITIES LTD,CHARLES SCHWAB HONG KONG SECURITIES LTD
B01688,CHUN HUNG SECURITIES LTD,CHUN HUNG SECURITIES LTD
B01689,EUREKA SECURITIES LTD,EUREKA SECURITIES LTD
B01690,FIRST SIGN SECURITIES LTD,FIRST SIGN SECURITIES LTD
B01691,GREATER CHINA SECURITIES LTD,大中華證券有限公司
B01692,SMBC NIKKO SECURITIES (HONG KONG) LTD,SMBC NIKKO SECURITIES (HONG KONG) LTD
B01693,UOB KAY HIAN OVERSEAS LTD,UOB KAY HIAN OVERSEAS LTD
B01694,POWER SECURITIES CO LTD,權威證券有限公司
B01695,DAH SING SECURITIES LTD,大新證券有限公司
B01696,HANTEC SECURITIES CO LTD,亨達証券有限公司
B01697,KINGSWAY E-SERVICES LTD,KINGSWAY E-SERVICES LTD
B01698,LUEN SING SECURITIES LTD,LUEN SING SECURITIES LTD
B01699,MASTERLINK SECURITIES (HONG KONG),元富證券(香港)有限公司
B01700,REALINK FINANCIAL TRADE LTD,滙信理財有限公司
B01701,SHUI CHEUNG SECURITIES LTD,SHUI CHEUNG SECURITIES LTD
B01702,BLACK MARBLE SECURITIES LTD,貝格隆証券有限公司
B01703,CROWN RICH SECURITIES (H.K.) LTD,CROWN RICH SECURITIES (H.K.) LTD
B01704,JVSAKK ASIA LTD,匯通永利亞洲有限公司
B01705,HENIK SECURITIES LTD,恒億證券有限公司
B01706,MAN HON YEUNG SECURITIES LTD,文漢揚証券有限公司
B01707,PAK LEE STOCK CO LTD,PAK LEE STOCK CO LTD
B01708,ROSA SECURITIES LTD,羅沙證券有限公司
B01709,RPS INVESTMENT LTD,RPS INVESTMENT LTD
B01710,SINO-RICH SECURITIES & FUTURES LTD,中順證券期貨有限公司
B01711,UNI-ALPHA SECURITIES LTD,UNI-ALPHA SECURITIES LTD
B01712,WAH SANG SECURITIES LTD,華生證券有限公司
B01713,TRUSTFUL SECURITIES LTD,TRUSTFUL SECURITIES LTD
B01714,HEAD & SHOULDERS SECURITIES LTD,聯合證券有限公司
B01715,PRESIDENT SECURITIES (HONG KONG) LTD,統一證券(香港)有限公司
B01716,ORIENT SECURITIES LTD,東方匯財證券有限公司
B01717,GOLDIN EQUITIES LTD,高銀(證券)有限公司
B01718,WILLIAMS SECURITIES LTD,WILLIAMS SECURITIES LTD
B01719,LING SECURITIES LTD,LING SECURITIES LTD
B01720,NORMAN KONG SECURITIES CO LTD,江陸證券有限公司
B01721,HUA NAN SECURITIES (HK) LTD,華南永昌證券(香港)有限公司
B01722,CTW SECURITIES LTD,卓越證券有限公司
B01723,KAM BO SECURITIES CO LTD,KAM BO SECURITIES CO LTD
B01724,RAMON INVESTMENT CO LTD,偉文証券有限公司
B01725,GT CAPITAL LTD,高富金融有限公司
B01726,C.P. SECURITIES INTERNATIONAL LTD,C.P. SECURITIES INTERNATIONAL LTD
B01727,ICBC (ASIA) SECURITIES LTD,工銀亞洲証券有限公司
B01728,AJ SECURITIES LTD,安捷證券有限公司
B01729,JOINCAP SECURITIES LTD,中楷證券有限公司
B01730,CCB SECURITIES LTD,建行證券有限公司
B01731,SHUN HENG SECURITIES LTD,信亨証券有限公司
B01732,WINTECH SECURITIES LTD,盈泰證券有限公司
B01733,GRAND CATHAY SECURITIES (HONG KONG) LTD,GRAND CATHAY SECURITIES (HONG KONG) LTD
B01734,KCG SECURITIES ASIA LTD,寶通證券亞洲有限公司
B01735,SUPERFUND FINANCIAL (HONG KONG) LTD,SUPERFUND FINANCIAL (HONG KONG) LTD
B01736,TIFFIT SECURITIES (HONG KONG) LTD,TIFFIT SECURITIES (HONG KONG) LTD
B01737,DAIWA CAPITAL MARKETS TRADING HONG KONG,DAIWA CAPITAL MARKETS TRADING HONG KONG
B01738,CES CAPITAL INTERNATIONAL (HONG KONG) CO,東航國際金融(香港)有限公司
B01739,CHUNG LEE SECURITIES CO LTD,眾利股票有限公司
B01740,BOOM.COM LTD,寶盛金融服務有限公司
B01741,SINOMAX SECURITIES LTD,佳富達證券有限公司
B01742,WORLDTOP SECURITIES LTD,WORLDTOP SECURITIES LTD
B01743,CEPA ALLIANCE SECURITIES LTD,世博證券有限公司
B01744,YICK FUNG SECURITIES & INVESTMENT CO LTD,YICK FUNG SECURITIES & INVESTMENT CO LTD
B01745,EVERGREEN SECURITIES LTD,漢華證券有限公司
B01746,ITG HONG KONG LTD,ITG HONG KONG LTD
B01747,MERDEKA SECURITIES LTD,領智證券有限公司
B01748,COL SECURITIES (HK) LTD,聯勝網上證券有限公司
B01749,TANG KEE SECURITIES LTD,騰記證券有限公司
B01750,POLARIS CAPITAL (ASIA) LTD,POLARIS CAPITAL (ASIA) LTD
B01751,IMAGI BROKERAGE LTD,IMAGI BROKERAGE LTD
B01752,HOI SANG SECURITIES LTD,HOI SANG SECURITIES LTD
B01753,FORTUNE (HK) SECURITIES LTD,富強證券有限公司
B01754,SINOFORTUNE SECURITIES LTD,華億證券有限公司
B01755,T G SECURITIES LTD,匯澤證券有限公司
B01756,CHINA SKY SECURITIES LTD,中天證券有限公司
B01757,WING TAK SECURITIES LTD,WING TAK SECURITIES LTD
B01758,CHINA RESERVE SECURITIES LTD,東儲證券有限公司
B01759,WINLAND WEALTH MANAGEMENT LTD,永聯財富管理有限公司
B01760,FUHWA SECURITIES (HONG KONG) CO LTD,FUHWA SECURITIES (HONG KONG) CO LTD
B01761,KO'S BROTHER SECURITIES CO LTD,高氏兄弟証券有限公司
B01762,DBS VICKERS (HONG KONG) LTD,星展唯高達香港有限公司
B01763,1SPREAD BROKERAGE LTD,1SPREAD BROKERAGE LTD
B01764,DBS VICKERS SECURITIES ONLINE (HK) LTD,DBS VICKERS SECURITIES ONLINE (HK) LTD
B01765,PROMISING SECURITIES CO LTD,昌盛證券有限公司
B01766,MUSHK LTD,MUSHK LTD
B01767,NEW GALA SECURITIES CO LTD,新基立證券有限公司
B01768,WINTONE SECURITIES LTD,榮通證券有限公司
B01769,ONE CHINA SECURITIES LTD,一中證券有限公司
B01770,TOKAI TOKYO SECURITIES (ASIA) LTD,TOKAI TOKYO SECURITIES (ASIA) LTD
B01771,CVP SECURITIES LTD,星火證券有限公司
B01772,TENSANT SECURITIES LTD,TENSANT SECURITIES LTD
B01773,TOYO SECURITIES ASIA LTD,東洋証券亞洲有限公司
B01774,CANTOR FITZGERALD (HONG KONG) CAPITAL,建達(香港)資本市場有限公司
B01775,RBS ASIA LTD,蘇皇證券亞洲有限公司
B01776,AIF SECURITIES LTD,亞投證券有限公司
B01777,DAIWA CAPITAL MARKETS HONG KONG LTD,大和資本市場香港有限公司
B01778,UNITED WORLD ONLINE LTD,UNITED WORLD ONLINE LTD
B01779,LEE'S SECURITIES CO LTD,李氏證券有限公司
B01780,TUNG SHUN SECURITIES LTD,TUNG SHUN SECURITIES LTD
B01781,BARCLAYS CAPITAL ASIA LTD,BARCLAYS CAPITAL ASIA LTD
B01782,SEAGA INTERNATIONAL LTD,恒昇證券有限公司
B01783,FREDDY CO LTD,中發証券有限公司
B01784,FU YIP SECURITIES AND INVESTMENT CO LTD,富業證券投資有限公司
B01785,PARTNERS CAPITAL SECURITIES LTD,博大證券有限公司
B01786,KO KUN STOCK CO LTD,KO KUN STOCK CO LTD
B01787,SOO PUI CHEN SECURITIES LTD,蘇佩瓚證券有限公司
B01788,SUNRISE SECURITIES LTD,齊榮證券有限公司
B01789,HO FUNG SHARES INVESTMENT LTD,浩豐證券投資有限公司
B01790,YIELDFUL SECURITIES LTD,耀豐證券有限公司
B01791,MAINLAND SECURITIES LTD,美聯證券有限公司
B01792,HONG KONG WAN KIU INVESTMENT CO LTD,香港宏僑投資有限公司
B01793,ASIA PACIFIC CAPITAL SECURITIES LTD,大亞證券有限公司
B01794,INTERCONTINENT SECURITIES CO LTD,通陸證券有限公司
B01795,RAFFAELLO SECURITIES (HK) LTD,RAFFAELLO SECURITIES (HK) LTD
B01796,SOO PEI SHAO & CO LTD,SOO PEI SHAO & CO LTD
B01797,SZEHOPE SECURITIES CO LTD,世灝證券有限公司
B01798,WINNING SECURITIES CO LTD,WINNING SECURITIES CO LTD
B01799,THE BRIGHT SECURITIES LTD,萬光證券有限公司
B01800,SUN CAPITAL SECURITIES LTD,陽光資本證券有限公司
B01801,KIN FUNG STOCK CO LTD,建豐証券有限公司
B01802,REDFORD SECURITIES LTD,泓福證券有限公司
B01803,RICH BAY SECURITIES LTD,富利證券有限公司
B01805,SALISBURY SECURITIES LTD,SALISBURY SECURITIES LTD
B01806,CHINA GATHER WEALTH FINANCIAL CO LTD,中華匯財金融有限公司
B01807,NEWEDGE BROKER LTD,NEWEDGE BROKER LTD
B01808,SHINKO SECURITIES (H.K.) LTD,SHINKO SECURITIES (H.K.) LTD
B01809,CHINA SYSTEM SECURITIES LTD,華信證券有限公司
B01810,ASTRUM CAPITAL MANAGEMENT LTD,阿仕特朗資本管理有限公司
B01811,3V CAPITAL LTD,3V CAPITAL LTD
B01812,MF GLOBAL SECURITIES HK LTD,MF GLOBAL SECURITIES HK LTD
B01813,CCB INTERNATIONAL SECURITIES LTD,建銀國際證券有限公司
B01814,WELL LINK SECURITIES LTD,立橋證券有限公司
B01815,T & F EQUITIES LTD,T & F EQUITIES LTD
B01816,CHEONG LEE SECURITIES LTD,昌利證券有限公司
B01817,EXECUTION NOBLE (HONG KONG) LTD,EXECUTION NOBLE (HONG KONG) LTD
B01818,I-ACCESS INVESTORS LTD,一通投資者有限公司
B01819,M SECURITIES LTD,M SECURITIES LTD
B01820,CMB INTERNATIONAL CAPITAL CORPORATION,CMB INTERNATIONAL CAPITAL CORPORATION
B01821,CHINA FINANCE KAB LTD,中金三甲證券有限公司
B01823,ANGLO CHINESE SECURITIES LTD,英高證券有限公司
B01824,INSTINET PACIFIC LTD,極訊亞太有限公司
B01825,GUOYUAN SECURITIES BROKERAGE (HONG KONG),國元証券經紀(香港)有限公司
B01826,GF SECURITIES (HONG KONG) BROKERAGE LTD,廣發証券(香港)經紀有限公司
B01827,IBTS ASIA (HK) LTD,IBTS ASIA (HK) LTD
B01828,IMC ASIA PACIFIC LTD,IMC ASIA PACIFIC LTD
B01829,HUATAI FINANCIAL HOLDINGS (HONG KONG),華泰金融控股(香港)有限公司
B01830,MIRAE ASSET SECURITIES (HK) LTD,未來資產證券(香港)有限公司
B01831,NERICO BROTHERS LTD,NERICO BROTHERS LTD
B01832,MIZUHO SECURITIES ASIA LTD,瑞穗證券亞洲有限公司
B01833,CTBC ASIA LTD,中國信託綜合證券(香港)有限公司
B01834,ECLIPSE OPTIONS (HK) LTD,ECLIPSE OPTIONS (HK) LTD
B01835,STANDARD SECURITIES ASIA LTD,STANDARD SECURITIES ASIA LTD
B01836,TIBRA TRADING HONG KONG LTD,TIBRA TRADING HONG KONG LTD
B01837,ETRADE SECURITIES (HONG KONG) LTD,ETRADE SECURITIES (HONG KONG) LTD
B01838,SHENYIN WANGUO ONLINE BROKER (H.K.) LTD,SHENYIN WANGUO ONLINE BROKER (H.K.) LTD
B01839,RABO BROKERAGE HK LTD,RABO BROKERAGE HK LTD
B01840,LIQUIDNET ASIA LTD,LIQUIDNET ASIA LTD
B01841,LA (GLOBAL) SINOMIX SECURITIES LTD,LA (GLOBAL) SINOMIX SECURITIES LTD
B01842,BOCOM INTERNATIONAL SECURITIES LTD,交銀國際證券有限公司
B01843,TD KING SECURITIES LTD,電訊濎匯證券有限公司
B01844,NATIXIS ASIA LTD,NATIXIS ASIA LTD
B01845,MF GLOBAL HONG KONG LTD,MF GLOBAL HONG KONG LTD
B01846,TISCO GLOBAL SECURITIES LTD,TISCO GLOBAL SECURITIES LTD
B01848,CATHAY SECURITIES (HONG KONG) LTD,國泰證券(香港)有限公司
B01849,CIS SECURITIES ASSET MANAGEMENT LTD,順安證券資產管理有限公司
B01850,HAI TONG SECURITIES (HK) BROKERAGE LTD,HAI TONG SECURITIES (HK) BROKERAGE LTD
B01851,RICHE BRIGHT SECURITIES LTD,富明證券有限公司
B01852,FREEMAN SECURITIES LTD,民眾證券有限公司
B01853,CMBC SECURITIES CO LTD,民銀證券有限公司
B01854,MAINFIRST SECURITIES HONG KONG LTD,MAINFIRST SECURITIES HONG KONG LTD
B01855,VISION FINANCE (SECURITIES) LTD,匯金(證券)有限公司
B01856,FINET SECURITIES LTD,財華證券有限公司
B01857,KAISA FINANCIAL GROUP CO LTD,佳兆業金融集團有限公司
B01858,YUANTA SECURITIES (HONG KONG) CO LTD,元大證券(香港)有限公司
B01859,CLC SECURITIES LTD,CLC SECURITIES LTD
B01860,KVB KUNLUN SECURITIES (HK) LTD,KVB KUNLUN SECURITIES (HK) LTD
B01861,CHI CAPITAL SECURITIES LTD,CHI CAPITAL SECURITIES LTD
B01862,ORIENTAL WEALTH SECURITIES LTD,ORIENTAL WEALTH SECURITIES LTD
B01863,CAPITEC SECURITIES LTD,融德證券有限公司
B01866,ICBC INTERNATIONAL SECURITIES LTD,工銀國際證券有限公司
B01867,STARLING GROUP SECURITIES LTD,STARLING GROUP SECURITIES LTD
B01868,JIMEI SECURITIES LTD,集美證券有限公司
B01869,SYNERWEALTH FINANCIAL LTD,匯心金融有限公司
B01870,TOTAL SECURITIES (HK) LTD,TOTAL SECURITIES (HK) LTD
B01871,NEWEDGE FINANCIAL HONG KONG LTD,NEWEDGE FINANCIAL HONG KONG LTD
B01874,BTIG HONG KONG LTD,BTIG HONG KONG LTD
B01875,GUODU SECURITIES (HONG KONG) LTD,國都證券(香港)有限公司
B01876,WATERLAND SECURITIES (HK) CO LTD,WATERLAND SECURITIES (HK) CO LTD
B01880,NORTH BETA INTERNATIONAL SECURITIES LTD,北拓國際證券有限公司
B01882,PING AN OF CHINA SECURITIES (HONG KONG),PING AN OF CHINA SECURITIES (HONG KONG)
B01883,CHINA RISE SECURITIES ASSET MANAGEMENT,華晉證券資產管理有限公司
B01884,HONG KONG SECURITIES (INTERNATIONAL),香港證券(國際)有限公司
B01885,HAFOO SECURITIES LTD,哈富證券有限公司
B01886,CNI SECURITIES GROUP LTD,中國北方證券集團有限公司
B01887,CHINA JIANXIN FINANCIAL SERVICES LTD,中國建信金融服務有限公司
B01890,GUOSEN SECURITIES (HK) BROKERAGE CO LTD,國信證券(香港)經紀有限公司
B01891,FUTURE GROWTH FINANCIAL SERVICES LTD,聚合金融服務有限公司
B01893,WINCO SECURITIES CO LTD,匯濤證券有限公司
B01894,MAYFAIR & AYERS FINANCIAL GROUP LTD,峰匯金融集團有限公司
B01895,MARIGOLD INTERNATIONAL SECURITIES LTD,MARIGOLD INTERNATIONAL SECURITIES LTD
B01897,CENTRAL WEALTH SECURITIES INVESTMENT LTD,中達證券投資有限公司
B01899,SANSTON FINANCIAL GROUP LTD,SANSTON FINANCIAL GROUP LTD
B01900,ORIENT SECURITIES (HONG KONG) LTD,東方證券(香港)有限公司
B01901,CMB INTERNATIONAL SECURITIES LTD,招銀國際證券有限公司
B01903,PICO ZEMAN SECURITIES (HK) LTD,比富達證券(香港)有限公司
B01904,VALUABLE CAPITAL LTD,華盛資本証券有限公司
B01905,ESSENCE INTERNATIONAL SECURITIES,安信國際證券(香港)有限公司
B01906,SUN INTERNATIONAL SECURITIES LTD,太陽國際証券有限公司
B01907,CHINA DEMETER SECURITIES LTD,國農證券有限公司
B01908,ASA SECURITIES LTD,富國證券有限公司
B01909,SHENG YUAN SECURITIES LTD,盛源證券有限公司
B01910,ALPHA INTERNATIONAL SECURITIES (HONG,阿爾法國際證券(香港)有限公司
B01911,MUFG SECURITIES ASIA LTD,MUFG SECURITIES ASIA LTD
B01912,THE CORE SECURITIES COMPANY LTD,核聚證券有限公司
B01913,CHINAWIDE SECURITIES LTD,CHINAWIDE SECURITIES LTD
B01914,JEFFERIES HONG KONG LTD,富瑞金融集團香港有限公司
B01915,FUYUAN SECURITIES LTD,富元證券有限公司
B01916,AMBITION SECURITIES CO. LTD,AMBITION SECURITIES CO. LTD
B01917,CHINA TIMES SECURITIES LTD,CHINA TIMES SECURITIES LTD
B01918,REALORD ASIA PACIFIC SECURITIES LTD,偉祿亞太證券有限公司
B01919,TIGER SECURITIES ASSET MANAGEMENT CO LTD,泰嘉證券資產管理有限公司
B01920,TIANDA SECURITIES LTD,天大証券有限公司
B01921,GONG PING SECURITIES LTD,公平證券有限公司
B01922,SUN SECURITIES LTD,太陽證券有限公司
B01923,EASY SECURITIES LTD,易昇證券有限公司
B01924,LT SECURITIES LTD,LT SECURITIES LTD
B01925,BMI SECURITIES LTD,邦盟滙駿證券有限公司
B01926,BIG BAY SECURITIES (HK) LTD,BIG BAY SECURITIES (HK) LTD
B01927,KINGKEY SECURITIES GROUP LTD,京基證券集團有限公司
B01928,ENHANCED SECURITIES LTD,進陞證券有限公司
B01929,CHINA GALAXY INTERNATIONAL SECURITIES,中國銀河國際證券(香港)有限公司
B01930,PRIME COURAGE SECURITIES CO LTD,安裕證券投資有限公司
B01933,BRILLIANT NORTON SECURITIES CO LTD,億聲證券有限公司
B01934,SELECT INVESTMENT SERVICES LTD,弘富投資服務有限公司
B01935,STUDIUM SECURITIES LTD,摩石證券有限公司
B01936,MIGHTY BROKERAGE (ASIA) LTD,敏哲証券有限公司
B01937,CHANGJIANG SECURITIES BROKERAGE (HK) LTD,長江證券經紀(香港)有限公司
B01938,CHINA INDUSTRIAL SECURITIES,興證國際證券有限公司
B01939,SOOCHOW SECURITIES INTERNATIONAL,東吳證券國際經紀有限公司
B01940,SOFI SECURITIES (HONG KONG) LTD,SOFI SECURITIES (HONG KONG) LTD
B01941,CENTALINE SECURITIES LTD,中原證券有限公司
B01942,SINO WEALTH SECURITIES LTD,國新證券有限公司
B01943,PO SANG SECURITIES AND FUTURES LTD,寶生證券及期貨有限公司
B01945,INTEGRITY SECURITIES LTD,匯誠證券有限公司
B01947,FUBON SECURITIES (HONG KONG) LTD,富邦證券(香港)有限公司
B01948,CAITONG INTERNATIONAL SECURITIES CO LTD,財通國際證券有限公司
B01949,GRAND CHINA SECURITIES LTD,華業證券有限公司
B01950,GLOBAL GROUP SECURITIES LTD,高寶集團證券有限公司
B01951,GENTING SECURITIES LTD,GENTING SECURITIES LTD
B01952,TRINITY SECURITIES CO LTD,裕通証券有限公司
B01955,FUTU SECURITIES INTERNATIONAL,富途證券國際(香港)有限公司
B01957,PINESTONE SECURITIES LTD,鼎石證券有限公司
B01958,TOPAZ FINANCIAL GROUP LTD,瑭明金融集團有限公司
B01959,ZHONGTAI INTERNATIONAL SECURITIES LTD,中泰國際證券有限公司
B01960,ANZ SECURITIES (HK) LTD,ANZ SECURITIES (HK) LTD
B01961,NOMURA INTERNATIONAL (HONG KONG) LTD,野村國際(香港)有限公司
B01962,CHINA SECURITIES (INTERNATIONAL),中信建投(國際)証券有限公司
B01963,TFI SECURITIES AND FUTURES LTD,天風國際證券與期貨有限公司
B01964,HALCYON SECURITIES LTD,鎧盛證券有限公司
B01965,HK NOBLE SKY TREASURE SECURITIES LTD,HK NOBLE SKY TREASURE SECURITIES LTD
B01967,YUNFENG SECURITIES LTD,雲鋒證券有限公司
B01968,AYERS ALLIANCE SECURITIES (HK) LTD,澳豐証券香港有限公司
B01969,CHINA VERED SECURITIES LTD,中薇證券有限公司
B01970,YUE KUN RESEARCH LTD,YUE KUN RESEARCH LTD
B01971,HGNH INTERNATIONAL SECURITIES CO LTD,橫華國際証券有限公司
B01972,RICHES DEPOT SECURITIES CO LTD,聚富證券有限公司
B01973,PC SECURITIES LTD,寶鉅證券有限公司
B01974,ARISTO SECURITIES LTD,雅利多證券有限公司
B01975,SUPREME CHINA SECURITIES LTD,智華證券有限公司
B01976,FRONTIER CAPITAL MANAGEMENT LTD,方達資本管理有限公司
B01977,ZHONGCAI SECURITIES LTD,中財證券有限公司
B01978,FOUNDER SECURITIES (HONG KONG) LTD,方正證券(香港)有限公司
B01979,FORMAX SECURITIES LTD,福億證券有限公司
B01980,SHANXI SECURITIES INTERNATIONAL LTD,山證國際證券有限公司
B01981,BLUESTONE SECURITIES (HK) CO LTD,青石證券(香港)有限公司
B01982,CENTRAL CHINA INTERNATIONAL SECURITIES,中州國際證券有限公司
B01983,W. FALCON ASSET MANAGEMENT (ASIA) LTD,W. FALCON ASSET MANAGEMENT (ASIA) LTD
B01984,FORWIN SECURITIES GROUP LTD,富榮證券集團有限公司
B01985,ZHONGRONG INTERNATIONAL SECURITIES CO,中融國際証券有限公司
B01986,HUAJIN SECURITIES (INTERNATIONAL) LTD,華金證券(國際)有限公司
B01987,NINE RIVERS CAPITAL PARTNERS LTD,NINE RIVERS CAPITAL PARTNERS LTD
B01988,KOALA SECURITIES LTD,樹熊證券有限公司
B01989,PRESTIGE SECURITIES LTD,盛德證券有限公司
B01990,GRANDLY FINANCIAL SERVICES LTD,冠力金融服務有限公司
B01991,HF SECURITIES AND FUTURES LTD,匯福證券及期貨有限公司
B01992,CHINA CIFCO SECURITIES CO LTD,中國中期證券有限公司
B01993,CROSBY SECURITIES LTD,高誠證券有限公司
B01994,BONUS EVENTUS SECURITIES LTD,博恩證券有限公司
B01995,GARY CHENG SECURITIES LTD,加多利證券有限公司
B01996,CHINA RENAISSANCE SECURITIES (HONG KONG),CHINA RENAISSANCE SECURITIES (HONG KONG)
B01997,SUNCORP SECURITIES LTD,新確證券有限公司
B01998,FIRST CAPITAL SECURITIES LTD,首控證券有限公司
B01999,CF SECURITIES LTD,長复證券有限公司
B02000,TIAN YUAN FINANCE LTD,天元金融有限公司
B02001,CHINA PROSPECT SECURITIES LTD,中國保盛證券有限公司
B02002,SEAZEN RESOURCES SECURITIES LTD,新城晉峰證券有限公司
B02003,DONGXING SECURITIES (HONG KONG) CO LTD,東興證券(香港)有限公司
B02004,INNOVATION SECURITIES CO LTD,鼎新證券有限公司
B02005,STI ASSET MANAGEMENT LTD,STI ASSET MANAGEMENT LTD
B02006,SP SECURITIES LTD,SP SECURITIES LTD
B02007,CHINA-HONG KONG LINK SECURITIES CO LTD,中港通證券有限公司
B02008,AMTD GLOBAL MARKETS LTD,尚乘環球市場有限公司
B02009,GOLDEN RICH SECURITIES LTD,金裕富證券有限公司
B02011,ZHONG YANG SECURITIES LTD,中陽證券有限公司
B02012,BOSC INTERNATIONAL CO LTD,上銀國際有限公司
B02013,ACU SECURITIES LTD,ACU SECURITIES LTD
B02014,YUET SHEUNG INTERNATIONAL SECURITIES LTD,粵商國際證券有限公司
B02015,VISION CAPITAL INTERNATIONAL HOLDINGS,萬盛金融控股有限公司
B02016,GOLDHORSE SECURITIES LTD,金馬證券有限公司
B02017,WILSON SECURITIES LTD,匯生證券有限公司
B02018,CORNERSTONE SECURITIES LTD,基石證券有限公司
B02019,GEO SECURITIES LTD,智易東方證券有限公司
B02020,WEALTH LINK SECURITIES LTD,富匯證券有限公司
B02021,HARVEST INTERNATIONAL SECURITIES CO LTD,嘉實國際證券有限公司
B02022,CHAOSHANG SECURITIES LTD,潮商證券有限公司
B02023,DONGHAI INTERNATIONAL SECURITIES,東海國際證券(香港)有限公司
B02024,NAN GUO INTERNATIONAL SECURITIES LTD,南國國際證券有限公司
B02025,ASIA WEALTH SECURITIES LTD,ASIA WEALTH SECURITIES LTD
B02026,PRIOR SECURITIES LTD,昇悅證券有限公司
B02027,CRIC SECURITIES CO LTD,克而瑞證券有限公司
B02028,SORRENTO SECURITIES LTD,擎天證券有限公司
B02029,HONOR SECURITIES (HK) LTD,匯恆證券(香港)有限公司
B02030,SR WEALTH SECURITIES LTD,中富證券有限公司
B02031,GOLDLINK SECURITIES LTD,金聯證券有限公司
B02032,FORTHRIGHT SECURITIES CO LTD,方德證券有限公司
B02033,SPDB INTERNATIONAL CAPITAL LTD,浦銀國際融資有限公司
B02034,CHUENMAN SECURITIES LTD,川文證券有限公司
B02035,PRIME CHINA SECURITIES LTD,華大證券有限公司
B02036,DAKIN SECURITIES LTD,德健證券有限公司
B02037,EASY ONE SECURITIES LTD,易易壹證券有限公司
B02038,WEST BULL SECURITIES LTD,西牛證券有限公司
B02039,ZHONG JIA SECURITIES LTD,中佳證券有限公司
B02040,TRADEMASTER SECURITIES (HONG KONG) LTD,淘金者證券(香港)有限公司
B02041,CNCB (HONG KONG) CAPITAL LTD,信銀(香港)資本有限公司
B02042,MONMONKEY GROUP SECURITIES LTD,大聖證券有限公司
B02043,LERTHAI SECURITIES (HONG KONG) LTD,LERTHAI SECURITIES (HONG KONG) LTD
B02044,FERRAN SECURITIES LTD,FERRAN SECURITIES LTD
B02045,AAA SECURITIES CO. LTD,AAA SECURITIES CO. LTD
B02046,CHINA ZHONG HENG FINANCE GROUP LTD,中國中恆金融集團有限公司
B02047,EDDID SECURITIES AND FUTURES LTD,艾德證券期貨有限公司
B02048,CHINA TRANSFER CAPITAL INVESTMENT LTD,中匯資本投資有限公司
B02049,PACIFIC INTERNATIONAL SECURITIES LTD,PACIFIC INTERNATIONAL SECURITIES LTD
B02050,"QUASAR SECURITIES CO., LTD",駿昇証券有限公司
B02051,GRAND VIEW SECURITIES LTD,宏匯證券有限公司
B02052,YUZHOU FINANCIAL HOLDINGS LTD,禹洲金融控股(香港)有限公司
B02053,ORIGINAL GROUP SECURITIES LTD,原創集團證券有限公司
B02054,BLUEMOUNT SECURITIES LTD,藍山證券有限公司
B02055,SUNFUND SECURITIES LTD,東皓證券有限公司
B02056,RUIBANG SECURITIES LTD,瑞邦證券有限公司
B02057,LEAD SECURITIES (HK) LTD,利得證券(香港)有限公司
B02058,CONSTANCE CAPITAL LTD,弘雅資本有限公司
B02059,MIDAS SECURITIES LTD,金源證券有限公司
B02060,LEGO SECURITIES LTD,力高證券有限公司
B02061,GRAND PARTNERS SECURITIES LTD,利盟證券有限公司
B02062,CHINA INTERNATIONAL SECURITIES LTD,中國國際證券有限公司
B02063,BLACKWELL GLOBAL SECURITIES LTD,博威環球證券有限公司
B02064,GALAXY TREASURE SECURITIES GROUP LTD,GALAXY TREASURE SECURITIES GROUP LTD
B02065,AMC WANHAI SECURITIES LTD,萬海證券有限公司
B02067,WELLINGTON FINANCIAL LTD,威靈頓金融有限公司
B02068,CANFIELD SECURITIES CO LTD,勤豐證券有限公司
B02069,YUBO SECURITIES LTD,宇博證券有限公司
B02070,OPUS SECURITIES LTD,創富證券有限公司
B02071,GCINT (HK) LTD,金禧國際證券 (香港) 有限公司
B02072,SBI E2-CAPITAL SECURITIES LTD,軟庫金匯證券有限公司
B02073,SOLOMON JFZ (ASIA) HOLDINGS LTD,華贏東方(亞洲)控股有限公司
B02074,FRUIT TREE SECURITIES LTD,果樹證券有限公司
B02075,INNOVAX SECURITIES LTD,創陞證券有限公司
B02076,SINOSTAR SECURITIES LTD,華星證券有限公司
B02077,CONRAD INVESTMENT SERVICES LTD,CONRAD INVESTMENT SERVICES LTD
B02078,AFFLUX SECURITIES LTD,上高證券有限公司
B02079,WONDER FACE FUND MANAGEMENT CO LTD,妙然基金管理有限公司
B02080,HEUNGKONG SECURITIES LTD,香江證券有限公司
B02081,FIRST FIDELITY CAPITAL (INTERNATIONAL),FIRST FIDELITY CAPITAL (INTERNATIONAL) LTD
B02082,YELLOW RIVER SECURITIES LTD,黃河證券有限公司
B02084,CHINA ON GLOBAL CAPITAL GROUP LTD,中安環球資本集團有限公司
B02085,JOY RICH SECURITIES INVESTMENT LTD,海富證券投資有限公司
B02086,"BG SECURITIES (HK) CO., LTD",北港證券(香港)有限公司
B02087,GLOBAL MASTERMIND SECURITIES LTD,環球大通證券有限公司
B02088,CARLYON SECURITIES LTD,格理昂證券有限公司
B02089,TONGFANG SECURITIES LTD,同方證券有限公司
B02090,GEAR SECURITIES INVESTMENT LTD,基業證券投資有限公司
B02091,RUIFENG SECURITIES LTD,瑞豐證券有限公司
B02092,I WIN SECURITIES LTD,一盈證券有限公司
B02093,UPMAX SECURITIES LTD,晉億證券有限公司
B02094,SPACE SECURITIES LTD,恆宇證券有限公司
B02095,LION INTERNATIONAL SECURITIES GROUP LTD,獅子國際證券集團有限公司
B02096,AFG SECURITIES LTD,高鉦証券有限公司
B02097,POLY WEALTH SECURITIES LTD,保興匯財證券有限公司
B02098,SP GLOBAL ACCESS LTD,SP GLOBAL ACCESS LTD
B02099,DA INTERNATIONAL FINANCIAL SERVICE LTD,直達國際金融服務有限公司
B02100,WEALTHY SECURITIES LTD,永裕證券有限公司
B02101,ACER KING SECURITIES INTERNATIONAL LTD,雅景證券股份有限公司
B02102,ZINVEST GLOBAL LTD,尊嘉證券國際有限公司
B02103,CEB INTERNATIONAL CAPITAL CORPORATION,光銀國際資本有限公司
B02104,MAGPIE SECURITIES LTD,喜鵲證券有限公司
B02105,VMI SECURITIES LTD,創市証券有限公司
B02106,HOLLY INTERNATIONAL FINANCIAL HOLDINGS,弘業國際金融控股有限公司
B02107,MARKETSENSE SECURITIES LTD,友盈證券有限公司
B02108,WK SECURITIES LTD,勁域證券有限公司
B02109,PINETREE SECURITIES LTD,PINETREE SECURITIES LTD
B02110,RED EAGLE SECURITIES LTD,漢英證券有限公司
B02111,TOPPER DRAGON SECURITIES LTD,龍匯證券有限公司
B02112,CORE CAPITAL SECURITIES LTD,凱匯資本證券有限公司
B02113,UNITED SECURITIES LTD,團結證券有限公司
B02114,GUANHONG SECURITIES LTD,冠泓證券有限公司
B02116,MOUETTE SECURITIES CO LTD,海盈證券有限公司
B02117,SAFE GOLD SECURITIES AND FUTURES LTD,鼎展證券及期貨有限公司
B02118,PO TAI SECURITIES (HONG KONG) LTD,寶泰證券(香港)有限公司
B02119,GAYANG SECURITIES LTD,嘉銀證券有限公司
B02120,LIVERMORE HOLDINGS LTD,利弗莫爾證券有限公司
B02121,SPRING SECURITIES LTD,泉湧證券有限公司
B02122,YUAN TONG GLOBAL SECURITIES LTD,圓通環球證券有限公司
B02123,CHINA SOUTHERN INTERNATIONAL LTD,南方匯發國際有限公司
B02124,EXCEL PRECISE SECURITIES LTD,勝緻證券有限公司
B02125,CHINA YINSHENG INTERNATIONAL SECURITIES,中國銀盛國際有限公司
B02126,PFC INTERNATIONAL CO LTD,PFC INTERNATIONAL CO LTD
B02127,HK MONKEY SECURITIES LTD,金猴證券有限公司
B02128,SILVERBRICKS SECURITIES CO LTD,元庫證券有限公司
B02129,WAN LUNG SECURITIES LTD,萬隆證券有限公司
B02130,GRANVILLE FINANCIAL SERVICES CO LTD,均富金融服務有限公司
B02131,DIFFER FINANCIAL AND SECURITIES LTD,鼎豐金融證券有限公司
B02132,MONEX BOOM SECURITIES (H.K.) LTD,寶盛證券(香港)有限公司
B02133,CHINA SECURITIES LTD,中國證券有限公司
B02134,HOPE SECURITIES LTD,希望證券有限公司
B02135,ZUNDIAO SECURITIES LTD,尊迪奧證券有限公司
B02136,HS SECURITIES LTD,和升證券有限公司
B02137,"VIIPARK FINANCIAL CO., LIMITED",維寶東園資本有限公司
B02138,TIGER FAITH SECURITIES LTD,駿達證券有限公司
B02139,EXCALIBUR GLOBAL FINANCIAL GROUP LTD,駿溢環球金融集團有限公司
B02140,JQ SECURITIES (HONG KONG) LTD,金信期盈證券(香港)有限公司
B02141,XIN YONGAN INTERNATIONAL SECURITIES,新永安國際證券有限公司
B02142,OCEAN JOY SECURITIES LIMITED,海悅證券有限公司
B02143,YUANYIN SECURITIES LTD,原銀證券有限公司
B02144,YEW TREE LTD,紫杉樹有限公司
B02145,CIF SECURITIES FUTURES LTD,混沌天成國際證券期貨有限公司
B02146,GRAND RICH SECURITIES LTD,浩豐證券有限公司
B02147,REGAN INTERNATIONAL SECURITIES LTD,雷根國際證券有限公司
B02148,ZEUS SECURITIES LTD,晉立峰證券有限公司
B02150,TARGET CAPITAL MANAGEMENT LTD,泰達資產管理有限公司
B02151,SOLITON SECURITIES LTD,善恆證券有限公司
B02152,PARCHMENT INVESTMENT LTD,PARCHMENT INVESTMENT LTD
B02153,WE SECURITIES LTD,溫商證券有限公司
B02154,MAGNUM RESEARCH LTD,弘量研究有限公司
B02155,ADEN FINANCIAL GROUP LTD,亞丁金融集團有限公司
B02156,GREATER BAY SECURITIES LTD,大灣證券有限公司
B02157,OIL ASSETS SECURITIES LTD,恩明資產証券有限公司
B02158,DT SECURITIES & FUTURES CO. LTD,大田證券期貨有限公司
B02159,USMART SECURITIES LTD,友信證券有限公司
B02160,SUNTEK FINANCIAL INVESTMENT CO LTD,三泰富金融投資有限公司
B02161,EMPERIO SECURITIES AND ASSETS MANAGEMENT,帝峰證券及資產管理有限公司
B02162,GAMMA SECURITIES LTD,嘉謨證券有限公司
B02163,GOLDEN EAGLE BROKERAGE LTD,金鷹證券有限公司
B02164,TUNG YAT SECURITIES LTD,同一證券有限公司
B02165,EXCELLENT SUCCESS INVESTMENTS LTD,馬有成投資有限公司
B02166,HTF SECURITIES LTD,瑞豐國際證券有限公司
B02167,SDG SECURITIES (HK) LTD,山金證券(香港)有限公司
B02170,DA DE SECURITIES LTD,大得證券有限公司
B02171,DL SECURITIES (HK) LTD,德林證券(香港)有限公司
B02172,VENUS SKY INVESTMENT LTD,金滿天投資有限公司
B02173,HONGKONG RICH & FORTUNE SECURITIES CO.,香港匯鑫富證券有限公司
B02174,YONGHE SECURITIES (HONG KONG) LTD,YONGHE SECURITIES (HONG KONG) LTD
B02175,WEBULL SECURITIES LTD,微牛證券有限公司
B02176,CHINA PA SECURITIES (HONG KONG) CO LTD,平證證券(香港)有限公司
B02177,ZHESHANG INTERNATIONAL FINANCIAL,浙商國際金融控股有限公司
B02178,LEE GO SECURITIES LTD,利高證券有限公司
B02179,YAW KAI FINANCIAL GROUP LTD,耀佳金融集團有限公司
B02180,PLUTUS SECURITIES LTD,貝德斯證券有限公司
B02181,GRAND CAPITAL SECURITIES LTD,大唐資本證券有限公司
B02183,SPDB INTERNATIONAL SECURITIES LTD,浦銀國際證券有限公司
B02184,DINGXIN (SECURITIES) LTD,鼎鑫(證券)有限公司
B02185,KOREA INVESTMENT & SECURITIES ASIA LTD,韓國投資證券亞洲有限公司
B02186,MONT AVENIR CAPITAL LTD,未來金融有限公司
B02188,HOMILY WORLDWIDE SECURITIES COMPANY LTD,弘歷環球證券有限公司
B02190,LUMINEUX SECURITIES LTD,世傳證券有限公司
B02191,NH INVESTMENT & SECURITIES (H.K.) LTD,農協投資證券(香港)有限公司
B02192,HUAFU INTERNATIONAL SECURITIES LTD,華福國際證券有限公司
B02193,PLOTIO SECURITIES LTD,百利好証券有限公司
B02194,HARMONIA CAPITAL LTD,仁和資本有限公司
B80005,KOO & CO,KOO & CO
B80007,PAUL SECURITIES CO,PAUL SECURITIES CO
B80008,SHUN LOONG SECURITIES CO,SHUN LOONG SECURITIES CO
B80015,ROSA SECURITIES CO,ROSA SECURITIES CO
B80016,TAT MING HONG,TAT MING HONG
B80017,CHONG & PARTNERS,CHONG & PARTNERS
B80020,HUNG YIEH CO,HUNG YIEH CO
B80021,KWONG FAT HONG,KWONG FAT HONG
B80029,WING SANG & CO,WING SANG & CO
B80039,TAK ON SECURITIES CO,TAK ON SECURITIES CO
B80044,MING HON SECURITIES,MING HON SECURITIES
B80045,CHEUNG YAN LUNG STOCK INVESTMENT CO,CHEUNG YAN LUNG STOCK INVESTMENT CO
B80046,Y. C. FUNG & CO,Y. C. FUNG & CO
B80048,TAI TAK SECURITIES CO,TAI TAK SECURITIES CO
B80049,HARVESTER STOCK INVESTMENT CO,HARVESTER STOCK INVESTMENT CO
B80050,MING FUNG SHARES INVESTMENT CO,MING FUNG SHARES INVESTMENT CO
B80052,FU YIP SECURITIES & INVESTMENT CO,FU YIP SECURITIES & INVESTMENT CO
C00001,BANK OF CHINA,BANK OF CHINA
C00002,BANK OF COMMUNICATIONS TRUSTEE LTD,交通銀行信託有限公司
C00003,THE BANK OF EAST ASIA LTD,東亞銀行有限公司
C00004,"MUFG BANK, LTD.","MUFG BANK, LTD."
C00005,BARCLAYS BANK PLC,BARCLAYS BANK PLC
C00006,THE BANK OF BERMUDA LTD,THE BANK OF BERMUDA LTD
C00007,THE CHASE MANHATTAN BANK,THE CHASE MANHATTAN BANK
C00008,THE CHINA AND SOUTH SEA BANK LTD,THE CHINA AND SOUTH SEA BANK LTD
C00009,THE CHINA STATE BANK LTD,THE CHINA STATE BANK LTD
C00010,CITIBANK N.A.,花旗銀行
C00011,PUBLIC BANK (HONG KONG) LTD,大眾銀行(香港)有限公司
C00012,DAH SING BANK LTD,大新銀行有限公司
C00013,DAIWA OVERSEAS FINANCE LTD,DAIWA OVERSEAS FINANCE LTD
C00015,DBS BANK (HONG KONG) LTD,星展銀行(香港)有限公司
C00016,DBS BANK LTD,DBS BANK LTD
C00017,DEUTSCHE BANK CAPITAL MARKETS (ASIA) LTD,DEUTSCHE BANK CAPITAL MARKETS (ASIA) LTD
C00018,HANG SENG BANK LTD,恒生銀行有限公司
C00019,THE HONGKONG AND SHANGHAI BANKING,香港上海匯豐銀行有限公司
C00020,HUA CHIAO COMMERCIAL BANK LTD,HUA CHIAO COMMERCIAL BANK LTD
C00024,KINCHENG BANKING CORPORATION,KINCHENG BANKING CORPORATION
C00025,KWANGTUNG PROVINCIAL BANK,KWANGTUNG PROVINCIAL BANK
C00026,CHONG HING BANK LTD,創興銀行有限公司
C00027,DEXIA TRUST SERVICES HONG KONG LTD,DEXIA TRUST SERVICES HONG KONG LTD
C00028,NANYANG COMMERCIAL BANK LTD,南洋商業銀行有限公司
C00029,THE NATIONAL COMMERCIAL BANK LTD,THE NATIONAL COMMERCIAL BANK LTD
C00030,THE NIKKO SECURITIES CO (ASIA) LTD,THE NIKKO SECURITIES CO (ASIA) LTD
C00031,OVERSEAS TRUST BANK LTD,OVERSEAS TRUST BANK LTD
C00032,OVERSEAS UNION BANK LTD,OVERSEAS UNION BANK LTD
C00033,BANK OF CHINA (HONG KONG) LTD,中國銀行(香港)有限公司
C00035,SCHRODERS ASIA LTD,SCHRODERS ASIA LTD
C00036,CHINA CONSTRUCTION BANK (ASIA),中國建設銀行(亞洲)股份有限公司
C00037,SHANGHAI COMMERCIAL BANK LTD,上海商業銀行有限公司
C00038,SIN HUA BANK LTD,SIN HUA BANK LTD
C00039,STANDARD CHARTERED BANK (HONG KONG) LTD,渣打銀行(香港)有限公司
C00040,INDUSTRIAL AND COMMERCIAL BANK OF CHINA,中國工商銀行(亞洲)有限公司
C00041,OCBC WING HANG BANK LTD,華僑永亨銀行有限公司
C00042,CMB WING LUNG BANK LTD,招商永隆銀行有限公司
C00043,MEVAS BANK LTD,MEVAS BANK LTD
C00045,YIEN YIEH COMMERCIAL BANK LTD,YIEN YIEH COMMERCIAL BANK LTD
C00047,BANGKOK BANK PUBLIC CO LTD,盤谷銀行
C00048,CHIYU BANKING CORPORATION LTD,集友銀行有限公司
C00050,DBS KWONG ON BANK LTD,DBS KWONG ON BANK LTD
C00051,PARIBAS,PARIBAS
C00052,BELGIAN BANK,BELGIAN BANK
C00053,AMERICAN EXPRESS BANK LTD,AMERICAN EXPRESS BANK LTD
C00054,BANK OF AMERICA NATIONAL TRUST AND,BANK OF AMERICA NATIONAL TRUST AND
C00055,KBC BANK N.V.,KBC BANK N.V.
C00056,THE GOVERNOR AND COMPANY OF THE BANK OF,THE GOVERNOR AND COMPANY OF THE BANK OF
C00057,UNITED OVERSEAS BANK LTD,UNITED OVERSEAS BANK LTD
C00058,CHINA CITIC BANK INTERNATIONAL LTD,中信銀行(國際)有限公司
C00059,IBJ ASIA LTD,IBJ ASIA LTD
C00060,THE ROYAL BANK OF SCOTLAND N.V.,THE ROYAL BANK OF SCOTLAND N.V.
C00061,FIRST PACIFIC BANK LTD,FIRST PACIFIC BANK LTD
C00062,CREDIT AGRICOLE CORPORATE AND INVESTMENT,CREDIT AGRICOLE CORPORATE AND INVESTMENT BANK
C00063,CHEMICAL BANK,CHEMICAL BANK
C00064,BNP PARIBAS,BNP PARIBAS
C00065,HSBC PRIVATE BANK (SUISSE) SA,HSBC PRIVATE BANK (SUISSE) SA
C00066,BANQUE WORMS,BANQUE WORMS
C00067,THE BANK OF NOVA SCOTIA,加拿大豐業銀行
C00068,BANK AUSTRIA AG,BANK AUSTRIA AG
C00069,UNITED CHINESE BANK LTD,UNITED CHINESE BANK LTD
C00070,OVERSEA-CHINESE BANKING CORPORATION LTD,華僑銀行有限公司
C00071,ING BANK N.V.,ING BANK N.V.
C00072,LTCB ASIA LTD,LTCB ASIA LTD
C00073,YASUDA TRUST ASIA PACIFIC LTD,YASUDA TRUST ASIA PACIFIC LTD
C00074,DEUTSCHE BANK AG,德意志銀行
C00075,HSBC BANK USA,HSBC BANK USA
C00076,CHEKIANG FIRST BANK LTD,CHEKIANG FIRST BANK LTD
C00077,LLOYDS TSB BANK PLC,LLOYDS TSB BANK PLC
C00078,CREDIT COMMERCIAL DE FRANCE,CREDIT COMMERCIAL DE FRANCE
C00080,TRADINGGURU.COM SECURITIES LTD,TRADINGGURU.COM SECURITIES LTD
C00081,BOOM SECURITIES (H.K.) LTD,BOOM SECURITIES (H.K.) LTD
C00082,SCHRODER INVESTMENT MANAGEMENT,SCHRODER INVESTMENT MANAGEMENT
C00083,BANK CONSORTIUM TRUST CO LTD,銀聯信託有限公司
C00085,STANDARD BANK ASIA LTD,STANDARD BANK ASIA LTD
C00086,BNP PARIBAS WEALTH MANAGEMENT,BNP PARIBAS WEALTH MANAGEMENT
C00087,HUNG KAI FINANCE CO LTD,HUNG KAI FINANCE CO LTD
C00088,CHINA MERCHANTS BANK CO LTD,招商銀行股份有限公司
C00089,HONG KONG MONETARY AUTHORITY,香港金融管理局
C00090,KBC BANK N.V.,KBC BANK N.V.
C00091,BANK OF SINGAPORE LTD,BANK OF SINGAPORE LTD
C00092,CTBC BANK CO LTD,中國信託商業銀行股份有限公司
C00093,BNP PARIBAS SECURITIES SERVICES,BNP PARIBAS SECURITIES SERVICES
C00094,ING BANK N.V.,ING BANK N.V.
C00095,EFG BANK AG,瑞士盈豐銀行股份有限公司
C00096,CHINA CONSTRUCTION BANK CORPORATION,CHINA CONSTRUCTION BANK CORPORATION
C00097,ABN AMRO BANK N.V.,ABN AMRO BANK N.V.
C00098,BARCLAYS BANK PLC,BARCLAYS BANK PLC
C00099,"TAISHIN INTERNATIONAL BANK CO., LTD",台新國際商業銀行股份有限公司
C00100,"JPMORGAN CHASE BANK, NATIONAL","JPMORGAN CHASE BANK, NATIONAL ASSOCIATION"
C00101,BANK OF EAST ASIA (TRUSTEES) LTD,東亞銀行(信託)有限公司
C00102,MACQUARIE BANK LTD,MACQUARIE BANK LTD
C00103,"MIZUHO BANK, LTD.","MIZUHO BANK, LTD."
C00104,SHANGHAI PUDONG DEVELOPMENT BANK CO.,上海浦東發展銀行股份有限公司
C00105,AGRICULTURAL BANK OF CHINA LTD,中國農業銀行股份有限公司
C00106,GRAND MOORE CAPITAL LTD,中毅資本有限公司
C00107,"INDUSTRIAL BANK CO., LTD.",興業銀行股份有限公司
C00108,"CHINA MINSHENG BANKING CORP., LTD.",中國民生銀行股份有限公司
C00109,"BANK OF COMMUNICATIONS CO., LTD.",交通銀行股份有限公司
,HONG KONG SECURITIES CLEARING CO. LTD.,香港中央結算有限公司
P00004,KREDIETBANK N V,KREDIETBANK N V
P00006,SUN TAI CHEUNG CREDITS LTD,SUN TAI CHEUNG CREDITS LTD
P00009,ALLIED BANKING CORPORATION (HONG KONG),新聯銀行(香港)有限公司
P00010,SOUTH CHINA FINANCE CO LTD,南華財務有限公司
P00011,INTERNATIONALE NEDERLANDEN BANK N. V.,INTERNATIONALE NEDERLANDEN BANK N. V.
P00012,BII FINANCE CO LTD,BII FINANCE CO LTD
P00013,CHOW TAI FOOK JEWELLERY CO LTD,周大福珠寶金行有限公司
P00014,HAITONG INTERNATIONAL FINANCE CO LTD,HAITONG INTERNATIONAL FINANCE CO LTD
P00015,DELTA ASIA CREDIT LTD,匯業信貸有限公司
P00017,CROSBY FINANCE (HK) LTD,CROSBY FINANCE (HK) LTD
P00018,SOLID CAPITAL HOLDINGS LTD,堅固資本控股有限公司
P00019,XPRESS CREDIT LTD,XPRESS CREDIT LTD